optimizer,obj,trial,n_clusters,fitness
SADE,MSEI,1,2,0.0899=0.0895=0.0895=0.0895=0.0895=0.0889=0.0881=0.0881=0.0881=0.0881=0.0881=0.0876=0.0876=0.0876=0.0876=0.0875=0.0875=0.087=0.087=0.087=0.087=0.087=0.087=0.087=0.087=0.087=0.087=0.087=0.087=0.087=0.087=0.087=0.087=0.0869=0.0869=0.0869=0.0869=0.0869=0.0869=0.0869=0.0869=0.0869=0.0869=0.0869=0.0869=0.0869=0.0869=0.0869=0.0869=0.0869=0.0869=0.0869=0.0869=0.0869=0.0869=0.0869=0.0869=0.0869=0.0869=0.0869=0.0869=0.0869=0.0869=0.0869=0.0869=0.0869=0.0869=0.0869=0.0869=0.0869=0.0869=0.0869=0.0869=0.0869=0.0869=0.0869=0.0869=0.0869=0.0869=0.0869=0.0869=0.0869=0.0869=0.0869=0.0869=0.0869=0.0869=0.0869=0.0869=0.0869=0.0869=0.0869=0.0869=0.0869=0.0869=0.0869=0.0869=0.0869=0.0869=0.0869=0.0869=0.0869=0.0869=0.0869=0.0869=0.0869=0.0869=0.0869=0.0869=0.0869=0.0869=0.0869=0.0869=0.0869=0.0869=0.0869=0.0869=0.0869=0.0869=0.0869=0.0869=0.0869=0.0869=0.0869=0.0869=0.0869=0.0869=0.0869=0.0869=0.0869=0.0869=0.0869=0.0869=0.0869=0.0869=0.0869=0.0869=0.0869=0.0869=0.0869=0.0869=0.0869=0.0869=0.0869=0.0869=0.0869=0.0869=0.0869=0.0869=0.0869=0.0869=0.0869=0.0869=0.0869=0.0869=0.0869=0.0869=0.0869=0.0869=0.0869=0.0869=0.0869=0.0869=0.0869=0.0869=0.0869=0.0869=0.0869=0.0869=0.0869=0.0869=0.0869=0.0869=0.0869=0.0869=0.0869=0.0869=0.0869=0.0869=0.0869=0.0869=0.0869=0.0869=0.0869=0.0869=0.0869=0.0869=0.0869=0.0869=0.0869=0.0869=0.0869=0.0869=0.0869=0.0869=0.0869=0.0869=0.0869=0.0869=0.0869=0.0869=0.0869=0.0869=0.0869=0.0869=0.0869=0.0869=0.0869=0.0869=0.0869=0.0869=0.0869=0.0869=0.0869=0.0869=0.0869=0.0869=0.0869=0.0869=0.0869=0.0869=0.0869=0.0869=0.0869=0.0869=0.0869=0.0869=0.0869=0.0869=0.0869=0.0869=0.0869=0.0869=0.0869=0.0869=0.0869=0.0869=0.0869=0.0869=0.0869=0.0869=0.0869=0.0869=0.0869=0.0869=0.0869=0.0869=0.0869=0.0869=0.0869=0.0869=0.0869=0.0869=0.0869=0.0869=0.0869=0.0869=0.0869=0.0869=0.0869=0.0869=0.0869=0.0869=0.0869=0.0869=0.0869=0.0869=0.0869=0.0869=0.0869=0.0869=0.0869=0.0869=0.0869=0.0869=0.0869=0.0869=0.0869=0.0869=0.0869=0.0869=0.0869=0.0869=0.0869=0.0869=0.0869=0.0869=0.0869=0.0869=0.0869=0.0869=0.0869=0.0869=0.0869=0.0869=0.0869=0.0869=0.0869=0.0869=0.0869
SADE,MSEI,2,2,0.09=0.09=0.09=0.0875=0.0875=0.0875=0.0875=0.0875=0.0875=0.0875=0.0875=0.0875=0.0875=0.0875=0.0875=0.0873=0.0873=0.0873=0.0872=0.0872=0.0872=0.0872=0.0872=0.0872=0.0872=0.0872=0.0871=0.087=0.087=0.087=0.087=0.087=0.087=0.087=0.087=0.087=0.087=0.087=0.087=0.0869=0.0869=0.0869=0.0869=0.0869=0.0869=0.0869=0.0869=0.0869=0.0869=0.0869=0.0869=0.0869=0.0869=0.0869=0.0869=0.0869=0.0869=0.0869=0.0869=0.0869=0.0869=0.0869=0.0869=0.0869=0.0869=0.0869=0.0869=0.0869=0.0869=0.0869=0.0869=0.0869=0.0869=0.0869=0.0869=0.0869=0.0869=0.0869=0.0869=0.0869=0.0869=0.0869=0.0869=0.0869=0.0869=0.0869=0.0869=0.0869=0.0869=0.0869=0.0869=0.0869=0.0869=0.0869=0.0869=0.0869=0.0869=0.0869=0.0869=0.0869=0.0869=0.0869=0.0869=0.0869=0.0869=0.0869=0.0869=0.0869=0.0869=0.0869=0.0869=0.0869=0.0869=0.0869=0.0869=0.0869=0.0869=0.0869=0.0869=0.0869=0.0869=0.0869=0.0869=0.0869=0.0869=0.0869=0.0869=0.0869=0.0869=0.0869=0.0869=0.0869=0.0869=0.0869=0.0869=0.0869=0.0869=0.0869=0.0869=0.0869=0.0869=0.0869=0.0869=0.0869=0.0869=0.0869=0.0869=0.0869=0.0869=0.0869=0.0869=0.0869=0.0869=0.0869=0.0869=0.0869=0.0869=0.0869=0.0869=0.0869=0.0869=0.0869=0.0869=0.0869=0.0869=0.0869=0.0869=0.0869=0.0869=0.0869=0.0869=0.0869=0.0869=0.0869=0.0869=0.0869=0.0869=0.0869=0.0869=0.0869=0.0869=0.0869=0.0869=0.0869=0.0869=0.0869=0.0869=0.0869=0.0869=0.0869=0.0869=0.0869=0.0869=0.0869=0.0869=0.0869=0.0869=0.0869=0.0869=0.0869=0.0869=0.0869=0.0869=0.0869=0.0869=0.0869=0.0869=0.0869=0.0869=0.0869=0.0869=0.0869=0.0869=0.0869=0.0869=0.0869=0.0869=0.0869=0.0869=0.0869=0.0869=0.0869=0.0869=0.0869=0.0869=0.0869=0.0869=0.0869=0.0869=0.0869=0.0869=0.0869=0.0869=0.0869=0.0869=0.0869=0.0869=0.0869=0.0869=0.0869=0.0869=0.0869=0.0869=0.0869=0.0869=0.0869=0.0869=0.0869=0.0869=0.0869=0.0869=0.0869=0.0869=0.0869=0.0869=0.0869=0.0869=0.0869=0.0869=0.0869=0.0869=0.0869=0.0869=0.0869=0.0869=0.0869=0.0869=0.0869=0.0869=0.0869=0.0869=0.0869=0.0869=0.0869=0.0869=0.0869=0.0869=0.0869=0.0869=0.0869=0.0869=0.0869=0.0869=0.0869=0.0869=0.0869=0.0869=0.0869=0.0869=0.0869=0.0869=0.0869=0.0869=0.0869=0.0869=0.0869=0.0869=0.0869=0.0869=0.0869
SADE,MSEI,3,2,0.0929=0.0929=0.0929=0.0909=0.0906=0.0906=0.0885=0.0876=0.0876=0.0876=0.0875=0.0875=0.0872=0.0872=0.0871=0.0871=0.0871=0.0871=0.087=0.087=0.087=0.087=0.087=0.087=0.087=0.0869=0.0869=0.0869=0.0869=0.0869=0.0869=0.0869=0.0869=0.0869=0.0869=0.0869=0.0869=0.0869=0.0869=0.0869=0.0869=0.0869=0.0869=0.0869=0.0869=0.0869=0.0869=0.0869=0.0869=0.0869=0.0869=0.0869=0.0869=0.0869=0.0869=0.0869=0.0869=0.0869=0.0869=0.0869=0.0869=0.0869=0.0869=0.0869=0.0869=0.0869=0.0869=0.0869=0.0869=0.0869=0.0869=0.0869=0.0869=0.0869=0.0869=0.0869=0.0869=0.0869=0.0869=0.0869=0.0869=0.0869=0.0869=0.0869=0.0869=0.0869=0.0869=0.0869=0.0869=0.0869=0.0869=0.0869=0.0869=0.0869=0.0869=0.0869=0.0869=0.0869=0.0869=0.0869=0.0869=0.0869=0.0869=0.0869=0.0869=0.0869=0.0869=0.0869=0.0869=0.0869=0.0869=0.0869=0.0869=0.0869=0.0869=0.0869=0.0869=0.0869=0.0869=0.0869=0.0869=0.0869=0.0869=0.0869=0.0869=0.0869=0.0869=0.0869=0.0869=0.0869=0.0869=0.0869=0.0869=0.0869=0.0869=0.0869=0.0869=0.0869=0.0869=0.0869=0.0869=0.0869=0.0869=0.0869=0.0869=0.0869=0.0869=0.0869=0.0869=0.0869=0.0869=0.0869=0.0869=0.0869=0.0869=0.0869=0.0869=0.0869=0.0869=0.0869=0.0869=0.0869=0.0869=0.0869=0.0869=0.0869=0.0869=0.0869=0.0869=0.0869=0.0869=0.0869=0.0869=0.0869=0.0869=0.0869=0.0869=0.0869=0.0869=0.0869=0.0869=0.0869=0.0869=0.0869=0.0869=0.0869=0.0869=0.0869=0.0869=0.0869=0.0869=0.0869=0.0869=0.0869=0.0869=0.0869=0.0869=0.0869=0.0869=0.0869=0.0869=0.0869=0.0869=0.0869=0.0869=0.0869=0.0869=0.0869=0.0869=0.0869=0.0869=0.0869=0.0869=0.0869=0.0869=0.0869=0.0869=0.0869=0.0869=0.0869=0.0869=0.0869=0.0869=0.0869=0.0869=0.0869=0.0869=0.0869=0.0869=0.0869=0.0869=0.0869=0.0869=0.0869=0.0869=0.0869=0.0869=0.0869=0.0869=0.0869=0.0869=0.0869=0.0869=0.0869=0.0869=0.0869=0.0869=0.0869=0.0869=0.0869=0.0869=0.0869=0.0869=0.0869=0.0869=0.0869=0.0869=0.0869=0.0869=0.0869=0.0869=0.0869=0.0869=0.0869=0.0869=0.0869=0.0869=0.0869=0.0869=0.0869=0.0869=0.0869=0.0869=0.0869=0.0869=0.0869=0.0869=0.0869=0.0869=0.0869=0.0869=0.0869=0.0869=0.0869=0.0869=0.0869=0.0869=0.0869=0.0869=0.0869=0.0869=0.0869=0.0869=0.0869=0.0869=0.0869=0.0869=0.0869=0.0869=0.0869
SADE,MSEI,4,2,0.0892=0.0892=0.0892=0.0892=0.0887=0.0886=0.0886=0.0885=0.0885=0.0885=0.088=0.088=0.088=0.088=0.0872=0.0872=0.0872=0.0871=0.0871=0.087=0.087=0.087=0.087=0.087=0.087=0.087=0.0869=0.0869=0.0869=0.0869=0.0869=0.0869=0.0869=0.0869=0.0869=0.0869=0.0869=0.0869=0.0869=0.0869=0.0869=0.0869=0.0869=0.0869=0.0869=0.0869=0.0869=0.0869=0.0869=0.0869=0.0869=0.0869=0.0869=0.0869=0.0869=0.0869=0.0869=0.0869=0.0869=0.0869=0.0869=0.0869=0.0869=0.0869=0.0869=0.0869=0.0869=0.0869=0.0869=0.0869=0.0869=0.0869=0.0869=0.0869=0.0869=0.0869=0.0869=0.0869=0.0869=0.0869=0.0869=0.0869=0.0869=0.0869=0.0869=0.0869=0.0869=0.0869=0.0869=0.0869=0.0869=0.0869=0.0869=0.0869=0.0869=0.0869=0.0869=0.0869=0.0869=0.0869=0.0869=0.0869=0.0869=0.0869=0.0869=0.0869=0.0869=0.0869=0.0869=0.0869=0.0869=0.0869=0.0869=0.0869=0.0869=0.0869=0.0869=0.0869=0.0869=0.0869=0.0869=0.0869=0.0869=0.0869=0.0869=0.0869=0.0869=0.0869=0.0869=0.0869=0.0869=0.0869=0.0869=0.0869=0.0869=0.0869=0.0869=0.0869=0.0869=0.0869=0.0869=0.0869=0.0869=0.0869=0.0869=0.0869=0.0869=0.0869=0.0869=0.0869=0.0869=0.0869=0.0869=0.0869=0.0869=0.0869=0.0869=0.0869=0.0869=0.0869=0.0869=0.0869=0.0869=0.0869=0.0869=0.0869=0.0869=0.0869=0.0869=0.0869=0.0869=0.0869=0.0869=0.0869=0.0869=0.0869=0.0869=0.0869=0.0869=0.0869=0.0869=0.0869=0.0869=0.0869=0.0869=0.0869=0.0869=0.0869=0.0869=0.0869=0.0869=0.0869=0.0869=0.0869=0.0869=0.0869=0.0869=0.0869=0.0869=0.0869=0.0869=0.0869=0.0869=0.0869=0.0869=0.0869=0.0869=0.0869=0.0869=0.0869=0.0869=0.0869=0.0869=0.0869=0.0869=0.0869=0.0869=0.0869=0.0869=0.0869=0.0869=0.0869=0.0869=0.0869=0.0869=0.0869=0.0869=0.0869=0.0869=0.0869=0.0869=0.0869=0.0869=0.0869=0.0869=0.0869=0.0869=0.0869=0.0869=0.0869=0.0869=0.0869=0.0869=0.0869=0.0869=0.0869=0.0869=0.0869=0.0869=0.0869=0.0869=0.0869=0.0869=0.0869=0.0869=0.0869=0.0869=0.0869=0.0869=0.0869=0.0869=0.0869=0.0869=0.0869=0.0869=0.0869=0.0869=0.0869=0.0869=0.0869=0.0869=0.0869=0.0869=0.0869=0.0869=0.0869=0.0869=0.0869=0.0869=0.0869=0.0869=0.0869=0.0869=0.0869=0.0869=0.0869=0.0869=0.0869=0.0869=0.0869=0.0869=0.0869=0.0869=0.0869=0.0869=0.0869=0.0869=0.0869=0.0869=0.0869
SADE,MSEI,5,2,0.0911=0.0911=0.0911=0.0909=0.0909=0.0909=0.0897=0.0897=0.0893=0.0889=0.0889=0.0889=0.0881=0.0881=0.0881=0.0881=0.0881=0.088=0.088=0.088=0.088=0.088=0.088=0.088=0.0879=0.0879=0.0875=0.0875=0.0875=0.0875=0.0875=0.0875=0.0875=0.0872=0.0872=0.0872=0.0872=0.0872=0.0872=0.0872=0.0872=0.0872=0.0872=0.0872=0.0872=0.0872=0.0872=0.0872=0.0872=0.0872=0.0869=0.0869=0.0869=0.0869=0.0869=0.0869=0.0869=0.0869=0.0869=0.0869=0.0869=0.0869=0.0869=0.0869=0.0869=0.0869=0.0869=0.0869=0.0869=0.0869=0.0869=0.0869=0.0869=0.0869=0.0869=0.0869=0.0869=0.0869=0.0869=0.0869=0.0869=0.0869=0.0869=0.0869=0.0869=0.0869=0.0869=0.0869=0.0869=0.0869=0.0869=0.0869=0.0869=0.0869=0.0869=0.0869=0.0869=0.0869=0.0869=0.0869=0.0869=0.0869=0.0869=0.0869=0.0869=0.0869=0.0869=0.0869=0.0869=0.0869=0.0869=0.0869=0.0869=0.0869=0.0869=0.0869=0.0869=0.0869=0.0869=0.0869=0.0869=0.0869=0.0869=0.0869=0.0869=0.0869=0.0869=0.0869=0.0869=0.0869=0.0869=0.0869=0.0869=0.0869=0.0869=0.0869=0.0869=0.0869=0.0869=0.0869=0.0869=0.0869=0.0869=0.0869=0.0869=0.0869=0.0869=0.0869=0.0869=0.0869=0.0869=0.0869=0.0869=0.0869=0.0869=0.0869=0.0869=0.0869=0.0869=0.0869=0.0869=0.0869=0.0869=0.0869=0.0869=0.0869=0.0869=0.0869=0.0869=0.0869=0.0869=0.0869=0.0869=0.0869=0.0869=0.0869=0.0869=0.0869=0.0869=0.0869=0.0869=0.0869=0.0869=0.0869=0.0869=0.0869=0.0869=0.0869=0.0869=0.0869=0.0869=0.0869=0.0869=0.0869=0.0869=0.0869=0.0869=0.0869=0.0869=0.0869=0.0869=0.0869=0.0869=0.0869=0.0869=0.0869=0.0869=0.0869=0.0869=0.0869=0.0869=0.0869=0.0869=0.0869=0.0869=0.0869=0.0869=0.0869=0.0869=0.0869=0.0869=0.0869=0.0869=0.0869=0.0869=0.0869=0.0869=0.0869=0.0869=0.0869=0.0869=0.0869=0.0869=0.0869=0.0869=0.0869=0.0869=0.0869=0.0869=0.0869=0.0869=0.0869=0.0869=0.0869=0.0869=0.0869=0.0869=0.0869=0.0869=0.0869=0.0869=0.0869=0.0869=0.0869=0.0869=0.0869=0.0869=0.0869=0.0869=0.0869=0.0869=0.0869=0.0869=0.0869=0.0869=0.0869=0.0869=0.0869=0.0869=0.0869=0.0869=0.0869=0.0869=0.0869=0.0869=0.0869=0.0869=0.0869=0.0869=0.0869=0.0869=0.0869=0.0869=0.0869=0.0869=0.0869=0.0869=0.0869=0.0869=0.0869=0.0869=0.0869=0.0869=0.0869=0.0869=0.0869=0.0869=0.0869=0.0869=0.0869
SADE,MSEI,6,2,0.0926=0.0921=0.0888=0.0888=0.0886=0.0873=0.0873=0.0873=0.0873=0.0873=0.0873=0.0873=0.0873=0.0873=0.0873=0.0873=0.0873=0.0873=0.0873=0.0873=0.0873=0.0873=0.0873=0.0872=0.0872=0.0872=0.0872=0.0872=0.0872=0.087=0.087=0.087=0.087=0.087=0.087=0.087=0.087=0.087=0.087=0.087=0.087=0.0869=0.0869=0.0869=0.0869=0.0869=0.0869=0.0869=0.0869=0.0869=0.0869=0.0869=0.0869=0.0869=0.0869=0.0869=0.0869=0.0869=0.0869=0.0869=0.0869=0.0869=0.0869=0.0869=0.0869=0.0869=0.0869=0.0869=0.0869=0.0869=0.0869=0.0869=0.0869=0.0869=0.0869=0.0869=0.0869=0.0869=0.0869=0.0869=0.0869=0.0869=0.0869=0.0869=0.0869=0.0869=0.0869=0.0869=0.0869=0.0869=0.0869=0.0869=0.0869=0.0869=0.0869=0.0869=0.0869=0.0869=0.0869=0.0869=0.0869=0.0869=0.0869=0.0869=0.0869=0.0869=0.0869=0.0869=0.0869=0.0869=0.0869=0.0869=0.0869=0.0869=0.0869=0.0869=0.0869=0.0869=0.0869=0.0869=0.0869=0.0869=0.0869=0.0869=0.0869=0.0869=0.0869=0.0869=0.0869=0.0869=0.0869=0.0869=0.0869=0.0869=0.0869=0.0869=0.0869=0.0869=0.0869=0.0869=0.0869=0.0869=0.0869=0.0869=0.0869=0.0869=0.0869=0.0869=0.0869=0.0869=0.0869=0.0869=0.0869=0.0869=0.0869=0.0869=0.0869=0.0869=0.0869=0.0869=0.0869=0.0869=0.0869=0.0869=0.0869=0.0869=0.0869=0.0869=0.0869=0.0869=0.0869=0.0869=0.0869=0.0869=0.0869=0.0869=0.0869=0.0869=0.0869=0.0869=0.0869=0.0869=0.0869=0.0869=0.0869=0.0869=0.0869=0.0869=0.0869=0.0869=0.0869=0.0869=0.0869=0.0869=0.0869=0.0869=0.0869=0.0869=0.0869=0.0869=0.0869=0.0869=0.0869=0.0869=0.0869=0.0869=0.0869=0.0869=0.0869=0.0869=0.0869=0.0869=0.0869=0.0869=0.0869=0.0869=0.0869=0.0869=0.0869=0.0869=0.0869=0.0869=0.0869=0.0869=0.0869=0.0869=0.0869=0.0869=0.0869=0.0869=0.0869=0.0869=0.0869=0.0869=0.0869=0.0869=0.0869=0.0869=0.0869=0.0869=0.0869=0.0869=0.0869=0.0869=0.0869=0.0869=0.0869=0.0869=0.0869=0.0869=0.0869=0.0869=0.0869=0.0869=0.0869=0.0869=0.0869=0.0869=0.0869=0.0869=0.0869=0.0869=0.0869=0.0869=0.0869=0.0869=0.0869=0.0869=0.0869=0.0869=0.0869=0.0869=0.0869=0.0869=0.0869=0.0869=0.0869=0.0869=0.0869=0.0869=0.0869=0.0869=0.0869=0.0869=0.0869=0.0869=0.0869=0.0869=0.0869=0.0869=0.0869=0.0869=0.0869=0.0869=0.0869=0.0869=0.0869=0.0869=0.0869=0.0869
SADE,MSEI,7,2,0.0919=0.0919=0.0882=0.0882=0.0882=0.0882=0.0882=0.0882=0.0881=0.087=0.087=0.087=0.087=0.087=0.087=0.087=0.087=0.087=0.087=0.087=0.087=0.087=0.087=0.087=0.087=0.087=0.087=0.0869=0.0869=0.0869=0.0869=0.0869=0.0869=0.0869=0.0869=0.0869=0.0869=0.0869=0.0869=0.0869=0.0869=0.0869=0.0869=0.0869=0.0869=0.0869=0.0869=0.0869=0.0869=0.0869=0.0869=0.0869=0.0869=0.0869=0.0869=0.0869=0.0869=0.0869=0.0869=0.0869=0.0869=0.0869=0.0869=0.0869=0.0869=0.0869=0.0869=0.0869=0.0869=0.0869=0.0869=0.0869=0.0869=0.0869=0.0869=0.0869=0.0869=0.0869=0.0869=0.0869=0.0869=0.0869=0.0869=0.0869=0.0869=0.0869=0.0869=0.0869=0.0869=0.0869=0.0869=0.0869=0.0869=0.0869=0.0869=0.0869=0.0869=0.0869=0.0869=0.0869=0.0869=0.0869=0.0869=0.0869=0.0869=0.0869=0.0869=0.0869=0.0869=0.0869=0.0869=0.0869=0.0869=0.0869=0.0869=0.0869=0.0869=0.0869=0.0869=0.0869=0.0869=0.0869=0.0869=0.0869=0.0869=0.0869=0.0869=0.0869=0.0869=0.0869=0.0869=0.0869=0.0869=0.0869=0.0869=0.0869=0.0869=0.0869=0.0869=0.0869=0.0869=0.0869=0.0869=0.0869=0.0869=0.0869=0.0869=0.0869=0.0869=0.0869=0.0869=0.0869=0.0869=0.0869=0.0869=0.0869=0.0869=0.0869=0.0869=0.0869=0.0869=0.0869=0.0869=0.0869=0.0869=0.0869=0.0869=0.0869=0.0869=0.0869=0.0869=0.0869=0.0869=0.0869=0.0869=0.0869=0.0869=0.0869=0.0869=0.0869=0.0869=0.0869=0.0869=0.0869=0.0869=0.0869=0.0869=0.0869=0.0869=0.0869=0.0869=0.0869=0.0869=0.0869=0.0869=0.0869=0.0869=0.0869=0.0869=0.0869=0.0869=0.0869=0.0869=0.0869=0.0869=0.0869=0.0869=0.0869=0.0869=0.0869=0.0869=0.0869=0.0869=0.0869=0.0869=0.0869=0.0869=0.0869=0.0869=0.0869=0.0869=0.0869=0.0869=0.0869=0.0869=0.0869=0.0869=0.0869=0.0869=0.0869=0.0869=0.0869=0.0869=0.0869=0.0869=0.0869=0.0869=0.0869=0.0869=0.0869=0.0869=0.0869=0.0869=0.0869=0.0869=0.0869=0.0869=0.0869=0.0869=0.0869=0.0869=0.0869=0.0869=0.0869=0.0869=0.0869=0.0869=0.0869=0.0869=0.0869=0.0869=0.0869=0.0869=0.0869=0.0869=0.0869=0.0869=0.0869=0.0869=0.0869=0.0869=0.0869=0.0869=0.0869=0.0869=0.0869=0.0869=0.0869=0.0869=0.0869=0.0869=0.0869=0.0869=0.0869=0.0869=0.0869=0.0869=0.0869=0.0869=0.0869=0.0869=0.0869=0.0869=0.0869=0.0869=0.0869=0.0869=0.0869=0.0869=0.0869
SADE,MSEI,8,2,0.0893=0.0893=0.0893=0.0893=0.0893=0.088=0.088=0.088=0.088=0.088=0.088=0.088=0.088=0.088=0.0876=0.0876=0.0876=0.0876=0.0876=0.0876=0.0874=0.0874=0.0874=0.0873=0.0873=0.0872=0.0872=0.0872=0.0872=0.087=0.087=0.087=0.087=0.087=0.087=0.087=0.087=0.087=0.087=0.087=0.087=0.087=0.087=0.087=0.087=0.0869=0.0869=0.0869=0.0869=0.0869=0.0869=0.0869=0.0869=0.0869=0.0869=0.0869=0.0869=0.0869=0.0869=0.0869=0.0869=0.0869=0.0869=0.0869=0.0869=0.0869=0.0869=0.0869=0.0869=0.0869=0.0869=0.0869=0.0869=0.0869=0.0869=0.0869=0.0869=0.0869=0.0869=0.0869=0.0869=0.0869=0.0869=0.0869=0.0869=0.0869=0.0869=0.0869=0.0869=0.0869=0.0869=0.0869=0.0869=0.0869=0.0869=0.0869=0.0869=0.0869=0.0869=0.0869=0.0869=0.0869=0.0869=0.0869=0.0869=0.0869=0.0869=0.0869=0.0869=0.0869=0.0869=0.0869=0.0869=0.0869=0.0869=0.0869=0.0869=0.0869=0.0869=0.0869=0.0869=0.0869=0.0869=0.0869=0.0869=0.0869=0.0869=0.0869=0.0869=0.0869=0.0869=0.0869=0.0869=0.0869=0.0869=0.0869=0.0869=0.0869=0.0869=0.0869=0.0869=0.0869=0.0869=0.0869=0.0869=0.0869=0.0869=0.0869=0.0869=0.0869=0.0869=0.0869=0.0869=0.0869=0.0869=0.0869=0.0869=0.0869=0.0869=0.0869=0.0869=0.0869=0.0869=0.0869=0.0869=0.0869=0.0869=0.0869=0.0869=0.0869=0.0869=0.0869=0.0869=0.0869=0.0869=0.0869=0.0869=0.0869=0.0869=0.0869=0.0869=0.0869=0.0869=0.0869=0.0869=0.0869=0.0869=0.0869=0.0869=0.0869=0.0869=0.0869=0.0869=0.0869=0.0869=0.0869=0.0869=0.0869=0.0869=0.0869=0.0869=0.0869=0.0869=0.0869=0.0869=0.0869=0.0869=0.0869=0.0869=0.0869=0.0869=0.0869=0.0869=0.0869=0.0869=0.0869=0.0869=0.0869=0.0869=0.0869=0.0869=0.0869=0.0869=0.0869=0.0869=0.0869=0.0869=0.0869=0.0869=0.0869=0.0869=0.0869=0.0869=0.0869=0.0869=0.0869=0.0869=0.0869=0.0869=0.0869=0.0869=0.0869=0.0869=0.0869=0.0869=0.0869=0.0869=0.0869=0.0869=0.0869=0.0869=0.0869=0.0869=0.0869=0.0869=0.0869=0.0869=0.0869=0.0869=0.0869=0.0869=0.0869=0.0869=0.0869=0.0869=0.0869=0.0869=0.0869=0.0869=0.0869=0.0869=0.0869=0.0869=0.0869=0.0869=0.0869=0.0869=0.0869=0.0869=0.0869=0.0869=0.0869=0.0869=0.0869=0.0869=0.0869=0.0869=0.0869=0.0869=0.0869=0.0869=0.0869=0.0869=0.0869=0.0869=0.0869=0.0869=0.0869=0.0869=0.0869
SADE,MSEI,9,2,0.091=0.0904=0.0902=0.0902=0.0886=0.0886=0.0886=0.0885=0.088=0.088=0.0872=0.0872=0.0872=0.0872=0.0872=0.0871=0.0871=0.0869=0.0869=0.0869=0.0869=0.0869=0.0869=0.0869=0.0869=0.0869=0.0869=0.0869=0.0869=0.0869=0.0869=0.0869=0.0869=0.0869=0.0869=0.0869=0.0869=0.0869=0.0869=0.0869=0.0869=0.0869=0.0869=0.0869=0.0869=0.0869=0.0869=0.0869=0.0869=0.0869=0.0869=0.0869=0.0869=0.0869=0.0869=0.0869=0.0869=0.0869=0.0869=0.0869=0.0869=0.0869=0.0869=0.0869=0.0869=0.0869=0.0869=0.0869=0.0869=0.0869=0.0869=0.0869=0.0869=0.0869=0.0869=0.0869=0.0869=0.0869=0.0869=0.0869=0.0869=0.0869=0.0869=0.0869=0.0869=0.0869=0.0869=0.0869=0.0869=0.0869=0.0869=0.0869=0.0869=0.0869=0.0869=0.0869=0.0869=0.0869=0.0869=0.0869=0.0869=0.0869=0.0869=0.0869=0.0869=0.0869=0.0869=0.0869=0.0869=0.0869=0.0869=0.0869=0.0869=0.0869=0.0869=0.0869=0.0869=0.0869=0.0869=0.0869=0.0869=0.0869=0.0869=0.0869=0.0869=0.0869=0.0869=0.0869=0.0869=0.0869=0.0869=0.0869=0.0869=0.0869=0.0869=0.0869=0.0869=0.0869=0.0869=0.0869=0.0869=0.0869=0.0869=0.0869=0.0869=0.0869=0.0869=0.0869=0.0869=0.0869=0.0869=0.0869=0.0869=0.0869=0.0869=0.0869=0.0869=0.0869=0.0869=0.0869=0.0869=0.0869=0.0869=0.0869=0.0869=0.0869=0.0869=0.0869=0.0869=0.0869=0.0869=0.0869=0.0869=0.0869=0.0869=0.0869=0.0869=0.0869=0.0869=0.0869=0.0869=0.0869=0.0869=0.0869=0.0869=0.0869=0.0869=0.0869=0.0869=0.0869=0.0869=0.0869=0.0869=0.0869=0.0869=0.0869=0.0869=0.0869=0.0869=0.0869=0.0869=0.0869=0.0869=0.0869=0.0869=0.0869=0.0869=0.0869=0.0869=0.0869=0.0869=0.0869=0.0869=0.0869=0.0869=0.0869=0.0869=0.0869=0.0869=0.0869=0.0869=0.0869=0.0869=0.0869=0.0869=0.0869=0.0869=0.0869=0.0869=0.0869=0.0869=0.0869=0.0869=0.0869=0.0869=0.0869=0.0869=0.0869=0.0869=0.0869=0.0869=0.0869=0.0869=0.0869=0.0869=0.0869=0.0869=0.0869=0.0869=0.0869=0.0869=0.0869=0.0869=0.0869=0.0869=0.0869=0.0869=0.0869=0.0869=0.0869=0.0869=0.0869=0.0869=0.0869=0.0869=0.0869=0.0869=0.0869=0.0869=0.0869=0.0869=0.0869=0.0869=0.0869=0.0869=0.0869=0.0869=0.0869=0.0869=0.0869=0.0869=0.0869=0.0869=0.0869=0.0869=0.0869=0.0869=0.0869=0.0869=0.0869=0.0869=0.0869=0.0869=0.0869=0.0869=0.0869=0.0869=0.0869=0.0869=0.0869
SADE,MSEI,10,2,0.0957=0.0913=0.0894=0.0894=0.0894=0.0894=0.0894=0.0893=0.0889=0.0874=0.0874=0.0874=0.0874=0.0874=0.0874=0.0874=0.0874=0.0874=0.0874=0.0874=0.0874=0.0874=0.0874=0.0874=0.0874=0.0874=0.0874=0.0874=0.0872=0.0872=0.0872=0.0871=0.0871=0.0871=0.087=0.087=0.087=0.087=0.0869=0.0869=0.0869=0.0869=0.0869=0.0869=0.0869=0.0869=0.0869=0.0869=0.0869=0.0869=0.0869=0.0869=0.0869=0.0869=0.0869=0.0869=0.0869=0.0869=0.0869=0.0869=0.0869=0.0869=0.0869=0.0869=0.0869=0.0869=0.0869=0.0869=0.0869=0.0869=0.0869=0.0869=0.0869=0.0869=0.0869=0.0869=0.0869=0.0869=0.0869=0.0869=0.0869=0.0869=0.0869=0.0869=0.0869=0.0869=0.0869=0.0869=0.0869=0.0869=0.0869=0.0869=0.0869=0.0869=0.0869=0.0869=0.0869=0.0869=0.0869=0.0869=0.0869=0.0869=0.0869=0.0869=0.0869=0.0869=0.0869=0.0869=0.0869=0.0869=0.0869=0.0869=0.0869=0.0869=0.0869=0.0869=0.0869=0.0869=0.0869=0.0869=0.0869=0.0869=0.0869=0.0869=0.0869=0.0869=0.0869=0.0869=0.0869=0.0869=0.0869=0.0869=0.0869=0.0869=0.0869=0.0869=0.0869=0.0869=0.0869=0.0869=0.0869=0.0869=0.0869=0.0869=0.0869=0.0869=0.0869=0.0869=0.0869=0.0869=0.0869=0.0869=0.0869=0.0869=0.0869=0.0869=0.0869=0.0869=0.0869=0.0869=0.0869=0.0869=0.0869=0.0869=0.0869=0.0869=0.0869=0.0869=0.0869=0.0869=0.0869=0.0869=0.0869=0.0869=0.0869=0.0869=0.0869=0.0869=0.0869=0.0869=0.0869=0.0869=0.0869=0.0869=0.0869=0.0869=0.0869=0.0869=0.0869=0.0869=0.0869=0.0869=0.0869=0.0869=0.0869=0.0869=0.0869=0.0869=0.0869=0.0869=0.0869=0.0869=0.0869=0.0869=0.0869=0.0869=0.0869=0.0869=0.0869=0.0869=0.0869=0.0869=0.0869=0.0869=0.0869=0.0869=0.0869=0.0869=0.0869=0.0869=0.0869=0.0869=0.0869=0.0869=0.0869=0.0869=0.0869=0.0869=0.0869=0.0869=0.0869=0.0869=0.0869=0.0869=0.0869=0.0869=0.0869=0.0869=0.0869=0.0869=0.0869=0.0869=0.0869=0.0869=0.0869=0.0869=0.0869=0.0869=0.0869=0.0869=0.0869=0.0869=0.0869=0.0869=0.0869=0.0869=0.0869=0.0869=0.0869=0.0869=0.0869=0.0869=0.0869=0.0869=0.0869=0.0869=0.0869=0.0869=0.0869=0.0869=0.0869=0.0869=0.0869=0.0869=0.0869=0.0869=0.0869=0.0869=0.0869=0.0869=0.0869=0.0869=0.0869=0.0869=0.0869=0.0869=0.0869=0.0869=0.0869=0.0869=0.0869=0.0869=0.0869=0.0869=0.0869=0.0869=0.0869=0.0869=0.0869=0.0869
SADE,CHI,1,2,83.6819=86.4752=87.339=99.6337=115.9982=119.5954=119.5954=119.5954=119.5954=120.8018=120.8018=120.8018=120.8018=123.0538=123.0538=123.0538=123.0538=123.0538=123.0538=123.7007=123.7007=123.7007=123.7007=123.7007=123.7007=123.7007=123.863=123.863=123.863=123.863=123.863=123.863=123.863=123.863=124.1515=124.9297=124.9297=124.9297=124.9297=124.9297=124.9297=124.9297=124.9297=124.9297=124.9297=124.9297=124.9297=124.9297=124.9297=124.9297=124.9297=124.9297=124.9297=124.9297=124.9297=124.9297=124.9297=124.9297=124.9297=124.9297=124.9297=124.9297=124.9297=124.9297=124.9297=124.9297=124.9297=124.9297=125.0555=125.0555=125.0555=125.0555=125.0555=125.0555=125.0555=125.0555=125.0555=125.0555=125.0555=125.0555=125.0555=125.0555=125.0555=125.0555=125.0555=125.0555=125.0555=125.0555=125.0555=125.0555=125.0555=125.0555=125.0555=125.0555=125.0555=125.0555=125.0555=125.0555=125.0555=125.0555=125.0555=125.0555=125.0555=125.0555=125.0555=125.0555=125.0555=125.0555=125.0555=125.0555=125.0555=125.0555=125.0555=125.0555=125.0555=125.0555=125.0555=125.0555=125.0555=125.0555=125.0555=125.0555=125.0555=125.0555=125.0555=125.0555=125.0555=125.0555=125.0555=125.0555=125.0555=125.0555=125.0555=125.0555=125.0555=125.0555=125.0555=125.0555=125.0555=125.0555=125.0555=125.0555=125.0555=125.0555=125.0555=125.0555=125.0555=125.0555=125.0555=125.0555=125.0555=125.0555=125.0555=125.0555=125.0555=125.0555=125.0555=125.0555=125.0555=125.0555=125.0555=125.0555=125.0555=125.0555=125.0555=125.0555=125.0555=125.0555=125.0555=125.0555=125.0555=125.0555=125.0555=125.0555=125.0555=125.0555=125.0555=125.0555=125.0555=125.0555=125.0555=125.0555=125.0555=125.0555=125.0555=125.0555=125.0555=125.0555=125.0555=125.0555=125.0555=125.0555=125.0555=125.0555=125.0555=125.0555=125.0555=125.0555=125.0555=125.0555=125.0555=125.0555=125.0555=125.0555=125.0555=125.0555=125.0555=125.0555=125.0555=125.0555=125.0555=125.0555=125.0555=125.0555=125.0555=125.0555=125.0555=125.0555=125.0555=125.0555=125.0555=125.0555=125.0555=125.0555=125.0555=125.0555=125.0555=125.0555=125.0555=125.0555=125.0555=125.0555=125.0555=125.0555=125.0555=125.0555=125.0555=125.0555=125.0555=125.0555=125.0555=125.0555=125.0555=125.0555=125.0555=125.0555=125.0555=125.0555=125.0555=125.0555=125.0555=125.0555=125.0555=125.0555=125.0555=125.0555=125.0555=125.0555=125.0555=125.0555=125.0555=125.0555=125.0555=125.0555=125.0555=125.0555=125.0555=125.0555=125.0555=125.0555=125.0555=125.0555=125.0555=125.0555=125.0555=125.0555=125.0555=125.0555=125.0555=125.0555=125.0555=125.0555=125.0555=125.0555=125.0555=125.0555=125.0555=125.0555=125.0555=125.0555=125.0555=125.0555=125.0555=125.0555=125.0555=125.0555=125.0555=125.0555=125.0555=125.0555
SADE,CHI,2,2,103.6865=103.6865=103.6865=107.8511=107.8511=114.6627=114.6627=114.6627=116.732=116.732=116.732=123.3633=123.3633=123.3633=123.3633=123.3633=123.3633=123.3633=123.3633=123.3633=123.3633=124.0891=124.0891=124.0891=124.0891=124.0891=124.0891=124.0891=124.0891=124.0891=124.0891=124.0891=124.588=124.68=124.68=124.68=124.68=124.68=124.9244=124.9244=124.9244=124.9244=124.9244=124.9244=124.9244=124.9244=124.9244=124.9244=124.9244=124.9244=124.9244=124.9244=124.9244=124.9244=124.9244=124.9244=124.9244=124.9244=124.9244=124.9244=124.9244=124.9244=124.9244=124.9244=124.9244=124.9244=124.9244=124.9244=124.9244=124.9244=125.0555=125.0555=125.0555=125.0555=125.0555=125.0555=125.0555=125.0555=125.0555=125.0555=125.0555=125.0555=125.0555=125.0555=125.0555=125.0555=125.0555=125.0555=125.0555=125.0555=125.0555=125.0555=125.0555=125.0555=125.0555=125.0555=125.0555=125.0555=125.0555=125.0555=125.0555=125.0555=125.0555=125.0555=125.0555=125.0555=125.0555=125.0555=125.0555=125.0555=125.0555=125.0555=125.0555=125.0555=125.0555=125.0555=125.0555=125.0555=125.0555=125.0555=125.0555=125.0555=125.0555=125.0555=125.0555=125.0555=125.0555=125.0555=125.0555=125.0555=125.0555=125.0555=125.0555=125.0555=125.0555=125.0555=125.0555=125.0555=125.0555=125.0555=125.0555=125.0555=125.0555=125.0555=125.0555=125.0555=125.0555=125.0555=125.0555=125.0555=125.0555=125.0555=125.0555=125.0555=125.0555=125.0555=125.0555=125.0555=125.0555=125.0555=125.0555=125.0555=125.0555=125.0555=125.0555=125.0555=125.0555=125.0555=125.0555=125.0555=125.0555=125.0555=125.0555=125.0555=125.0555=125.0555=125.0555=125.0555=125.0555=125.0555=125.0555=125.0555=125.0555=125.0555=125.0555=125.0555=125.0555=125.0555=125.0555=125.0555=125.0555=125.0555=125.0555=125.0555=125.0555=125.0555=125.0555=125.0555=125.0555=125.0555=125.0555=125.0555=125.0555=125.0555=125.0555=125.0555=125.0555=125.0555=125.0555=125.0555=125.0555=125.0555=125.0555=125.0555=125.0555=125.0555=125.0555=125.0555=125.0555=125.0555=125.0555=125.0555=125.0555=125.0555=125.0555=125.0555=125.0555=125.0555=125.0555=125.0555=125.0555=125.0555=125.0555=125.0555=125.0555=125.0555=125.0555=125.0555=125.0555=125.0555=125.0555=125.0555=125.0555=125.0555=125.0555=125.0555=125.0555=125.0555=125.0555=125.0555=125.0555=125.0555=125.0555=125.0555=125.0555=125.0555=125.0555=125.0555=125.0555=125.0555=125.0555=125.0555=125.0555=125.0555=125.0555=125.0555=125.0555=125.0555=125.0555=125.0555=125.0555=125.0555=125.0555=125.0555=125.0555=125.0555=125.0555=125.0555=125.0555=125.0555=125.0555=125.0555=125.0555=125.0555=125.0555=125.0555=125.0555=125.0555=125.0555=125.0555=125.0555=125.0555=125.0555=125.0555=125.0555=125.0555=125.0555=125.0555=125.0555=125.0555
SADE,CHI,3,2,110.4761=110.4761=113.84=113.84=113.84=115.2803=115.2803=116.5522=119.6476=119.6476=121.6549=121.6549=121.6549=121.6549=121.6549=123.5812=123.5812=123.5812=123.5812=123.5812=123.5812=123.5812=123.7875=123.7875=123.7875=123.7875=123.7875=123.9281=123.9281=123.9281=123.9281=123.9281=123.9281=123.9281=123.9281=124.1683=124.1683=124.1683=124.1683=124.5217=124.5217=124.5217=124.5217=124.5217=124.5217=124.5217=124.703=124.703=124.9297=124.9297=124.9297=124.9297=124.9297=124.9297=124.9297=124.9297=124.9297=124.9297=124.9297=124.9297=124.9297=124.9297=124.9297=124.9297=124.9297=124.9297=124.9297=124.9297=124.9297=124.9297=124.9297=124.9297=124.9297=124.9297=124.9297=124.9297=124.9297=124.9297=124.9297=124.9297=125.0555=125.0555=125.0555=125.0555=125.0555=125.0555=125.0555=125.0555=125.0555=125.0555=125.0555=125.0555=125.0555=125.0555=125.0555=125.0555=125.0555=125.0555=125.0555=125.0555=125.0555=125.0555=125.0555=125.0555=125.0555=125.0555=125.0555=125.0555=125.0555=125.0555=125.0555=125.0555=125.0555=125.0555=125.0555=125.0555=125.0555=125.0555=125.0555=125.0555=125.0555=125.0555=125.0555=125.0555=125.0555=125.0555=125.0555=125.0555=125.0555=125.0555=125.0555=125.0555=125.0555=125.0555=125.0555=125.0555=125.0555=125.0555=125.0555=125.0555=125.0555=125.0555=125.0555=125.0555=125.0555=125.0555=125.0555=125.0555=125.0555=125.0555=125.0555=125.0555=125.0555=125.0555=125.0555=125.0555=125.0555=125.0555=125.0555=125.0555=125.0555=125.0555=125.0555=125.0555=125.0555=125.0555=125.0555=125.0555=125.0555=125.0555=125.0555=125.0555=125.0555=125.0555=125.0555=125.0555=125.0555=125.0555=125.0555=125.0555=125.0555=125.0555=125.0555=125.0555=125.0555=125.0555=125.0555=125.0555=125.0555=125.0555=125.0555=125.0555=125.0555=125.0555=125.0555=125.0555=125.0555=125.0555=125.0555=125.0555=125.0555=125.0555=125.0555=125.0555=125.0555=125.0555=125.0555=125.0555=125.0555=125.0555=125.0555=125.0555=125.0555=125.0555=125.0555=125.0555=125.0555=125.0555=125.0555=125.0555=125.0555=125.0555=125.0555=125.0555=125.0555=125.0555=125.0555=125.0555=125.0555=125.0555=125.0555=125.0555=125.0555=125.0555=125.0555=125.0555=125.0555=125.0555=125.0555=125.0555=125.0555=125.0555=125.0555=125.0555=125.0555=125.0555=125.0555=125.0555=125.0555=125.0555=125.0555=125.0555=125.0555=125.0555=125.0555=125.0555=125.0555=125.0555=125.0555=125.0555=125.0555=125.0555=125.0555=125.0555=125.0555=125.0555=125.0555=125.0555=125.0555=125.0555=125.0555=125.0555=125.0555=125.0555=125.0555=125.0555=125.0555=125.0555=125.0555=125.0555=125.0555=125.0555=125.0555=125.0555=125.0555=125.0555=125.0555=125.0555=125.0555=125.0555=125.0555=125.0555=125.0555=125.0555=125.0555=125.0555=125.0555=125.0555=125.0555=125.0555
SADE,CHI,4,2,103.3801=103.3801=103.3801=103.3801=105.8128=105.8128=105.9172=113.4866=113.4866=115.2942=115.2942=115.2942=115.2942=115.2942=115.3439=115.3439=116.5912=116.5912=119.6891=119.6891=119.6891=120.0023=120.0023=120.4488=120.4488=122.3535=122.3535=122.3535=122.3535=122.3535=123.6076=123.6076=123.6076=123.6076=123.6076=123.6076=123.6076=123.6076=123.6076=123.6076=123.6076=123.6076=123.6076=123.6076=123.6076=123.6076=123.6076=123.6076=123.6076=123.6076=123.6076=123.6076=123.6076=123.6076=123.6076=123.6076=123.6076=123.6076=123.6076=123.6076=123.6076=123.6076=123.6076=123.6076=124.303=124.303=124.303=124.303=124.303=124.303=124.303=124.303=124.303=124.303=124.303=124.303=124.303=124.44=124.44=124.44=124.44=124.44=124.44=124.5263=124.5263=124.5263=124.5263=124.5263=124.5263=124.5263=124.5263=124.5263=124.5263=124.5263=124.5263=124.5263=124.5263=124.5263=124.5263=125.0555=125.0555=125.0555=125.0555=125.0555=125.0555=125.0555=125.0555=125.0555=125.0555=125.0555=125.0555=125.0555=125.0555=125.0555=125.0555=125.0555=125.0555=125.0555=125.0555=125.0555=125.0555=125.0555=125.0555=125.0555=125.0555=125.0555=125.0555=125.0555=125.0555=125.0555=125.0555=125.0555=125.0555=125.0555=125.0555=125.0555=125.0555=125.0555=125.0555=125.0555=125.0555=125.0555=125.0555=125.0555=125.0555=125.0555=125.0555=125.0555=125.0555=125.0555=125.0555=125.0555=125.0555=125.0555=125.0555=125.0555=125.0555=125.0555=125.0555=125.0555=125.0555=125.0555=125.0555=125.0555=125.0555=125.0555=125.0555=125.0555=125.0555=125.0555=125.0555=125.0555=125.0555=125.0555=125.0555=125.0555=125.0555=125.0555=125.0555=125.0555=125.0555=125.0555=125.0555=125.0555=125.0555=125.0555=125.0555=125.0555=125.0555=125.0555=125.0555=125.0555=125.0555=125.0555=125.0555=125.0555=125.0555=125.0555=125.0555=125.0555=125.0555=125.0555=125.0555=125.0555=125.0555=125.0555=125.0555=125.0555=125.0555=125.0555=125.0555=125.0555=125.0555=125.0555=125.0555=125.0555=125.0555=125.0555=125.0555=125.0555=125.0555=125.0555=125.0555=125.0555=125.0555=125.0555=125.0555=125.0555=125.0555=125.0555=125.0555=125.0555=125.0555=125.0555=125.0555=125.0555=125.0555=125.0555=125.0555=125.0555=125.0555=125.0555=125.0555=125.0555=125.0555=125.0555=125.0555=125.0555=125.0555=125.0555=125.0555=125.0555=125.0555=125.0555=125.0555=125.0555=125.0555=125.0555=125.0555=125.0555=125.0555=125.0555=125.0555=125.0555=125.0555=125.0555=125.0555=125.0555=125.0555=125.0555=125.0555=125.0555=125.0555=125.0555=125.0555=125.0555=125.0555=125.0555=125.0555=125.0555=125.0555=125.0555=125.0555=125.0555=125.0555=125.0555=125.0555=125.0555=125.0555=125.0555=125.0555=125.0555=125.0555=125.0555=125.0555=125.0555=125.0555=125.0555=125.0555=125.0555
SADE,CHI,5,2,104.7003=104.7003=104.7003=104.7003=104.7003=110.0314=115.738=115.738=116.6762=121.2916=121.2916=121.2916=121.2916=121.2916=121.2916=121.2916=123.3428=123.3428=123.3428=123.3428=123.3428=123.3428=123.3428=123.3428=123.8191=123.8191=124.0386=124.1515=124.1515=124.588=124.588=124.588=124.588=124.588=124.8484=124.8484=124.8484=124.8484=124.8484=124.8484=124.8484=124.8484=124.8484=124.8484=124.8484=124.8484=124.8484=124.8484=124.8484=124.8484=124.8484=124.8484=124.8484=124.9244=124.9244=125.0555=125.0555=125.0555=125.0555=125.0555=125.0555=125.0555=125.0555=125.0555=125.0555=125.0555=125.0555=125.0555=125.0555=125.0555=125.0555=125.0555=125.0555=125.0555=125.0555=125.0555=125.0555=125.0555=125.0555=125.0555=125.0555=125.0555=125.0555=125.0555=125.0555=125.0555=125.0555=125.0555=125.0555=125.0555=125.0555=125.0555=125.0555=125.0555=125.0555=125.0555=125.0555=125.0555=125.0555=125.0555=125.0555=125.0555=125.0555=125.0555=125.0555=125.0555=125.0555=125.0555=125.0555=125.0555=125.0555=125.0555=125.0555=125.0555=125.0555=125.0555=125.0555=125.0555=125.0555=125.0555=125.0555=125.0555=125.0555=125.0555=125.0555=125.0555=125.0555=125.0555=125.0555=125.0555=125.0555=125.0555=125.0555=125.0555=125.0555=125.0555=125.0555=125.0555=125.0555=125.0555=125.0555=125.0555=125.0555=125.0555=125.0555=125.0555=125.0555=125.0555=125.0555=125.0555=125.0555=125.0555=125.0555=125.0555=125.0555=125.0555=125.0555=125.0555=125.0555=125.0555=125.0555=125.0555=125.0555=125.0555=125.0555=125.0555=125.0555=125.0555=125.0555=125.0555=125.0555=125.0555=125.0555=125.0555=125.0555=125.0555=125.0555=125.0555=125.0555=125.0555=125.0555=125.0555=125.0555=125.0555=125.0555=125.0555=125.0555=125.0555=125.0555=125.0555=125.0555=125.0555=125.0555=125.0555=125.0555=125.0555=125.0555=125.0555=125.0555=125.0555=125.0555=125.0555=125.0555=125.0555=125.0555=125.0555=125.0555=125.0555=125.0555=125.0555=125.0555=125.0555=125.0555=125.0555=125.0555=125.0555=125.0555=125.0555=125.0555=125.0555=125.0555=125.0555=125.0555=125.0555=125.0555=125.0555=125.0555=125.0555=125.0555=125.0555=125.0555=125.0555=125.0555=125.0555=125.0555=125.0555=125.0555=125.0555=125.0555=125.0555=125.0555=125.0555=125.0555=125.0555=125.0555=125.0555=125.0555=125.0555=125.0555=125.0555=125.0555=125.0555=125.0555=125.0555=125.0555=125.0555=125.0555=125.0555=125.0555=125.0555=125.0555=125.0555=125.0555=125.0555=125.0555=125.0555=125.0555=125.0555=125.0555=125.0555=125.0555=125.0555=125.0555=125.0555=125.0555=125.0555=125.0555=125.0555=125.0555=125.0555=125.0555=125.0555=125.0555=125.0555=125.0555=125.0555=125.0555=125.0555=125.0555=125.0555=125.0555=125.0555=125.0555=125.0555=125.0555=125.0555=125.0555=125.0555=125.0555=125.0555
SADE,CHI,6,2,102.0625=102.0625=105.6983=105.6983=108.3254=108.585=112.0579=112.0579=119.1528=121.3467=121.3793=121.3793=121.3793=121.3793=121.3793=121.3793=121.3793=123.6824=123.6824=123.6824=123.6824=123.6824=123.6824=123.6824=123.9897=123.9897=123.9897=124.3969=124.3969=124.3969=124.3969=124.3969=124.44=124.44=124.44=124.6941=124.6941=124.6941=124.6941=124.6941=124.6941=124.7753=124.7753=124.7753=124.7753=124.7753=124.7753=124.7753=124.7753=124.7753=124.7753=124.9297=124.9297=124.9297=124.9297=124.9297=124.9297=124.9297=124.9297=125.0555=125.0555=125.0555=125.0555=125.0555=125.0555=125.0555=125.0555=125.0555=125.0555=125.0555=125.0555=125.0555=125.0555=125.0555=125.0555=125.0555=125.0555=125.0555=125.0555=125.0555=125.0555=125.0555=125.0555=125.0555=125.0555=125.0555=125.0555=125.0555=125.0555=125.0555=125.0555=125.0555=125.0555=125.0555=125.0555=125.0555=125.0555=125.0555=125.0555=125.0555=125.0555=125.0555=125.0555=125.0555=125.0555=125.0555=125.0555=125.0555=125.0555=125.0555=125.0555=125.0555=125.0555=125.0555=125.0555=125.0555=125.0555=125.0555=125.0555=125.0555=125.0555=125.0555=125.0555=125.0555=125.0555=125.0555=125.0555=125.0555=125.0555=125.0555=125.0555=125.0555=125.0555=125.0555=125.0555=125.0555=125.0555=125.0555=125.0555=125.0555=125.0555=125.0555=125.0555=125.0555=125.0555=125.0555=125.0555=125.0555=125.0555=125.0555=125.0555=125.0555=125.0555=125.0555=125.0555=125.0555=125.0555=125.0555=125.0555=125.0555=125.0555=125.0555=125.0555=125.0555=125.0555=125.0555=125.0555=125.0555=125.0555=125.0555=125.0555=125.0555=125.0555=125.0555=125.0555=125.0555=125.0555=125.0555=125.0555=125.0555=125.0555=125.0555=125.0555=125.0555=125.0555=125.0555=125.0555=125.0555=125.0555=125.0555=125.0555=125.0555=125.0555=125.0555=125.0555=125.0555=125.0555=125.0555=125.0555=125.0555=125.0555=125.0555=125.0555=125.0555=125.0555=125.0555=125.0555=125.0555=125.0555=125.0555=125.0555=125.0555=125.0555=125.0555=125.0555=125.0555=125.0555=125.0555=125.0555=125.0555=125.0555=125.0555=125.0555=125.0555=125.0555=125.0555=125.0555=125.0555=125.0555=125.0555=125.0555=125.0555=125.0555=125.0555=125.0555=125.0555=125.0555=125.0555=125.0555=125.0555=125.0555=125.0555=125.0555=125.0555=125.0555=125.0555=125.0555=125.0555=125.0555=125.0555=125.0555=125.0555=125.0555=125.0555=125.0555=125.0555=125.0555=125.0555=125.0555=125.0555=125.0555=125.0555=125.0555=125.0555=125.0555=125.0555=125.0555=125.0555=125.0555=125.0555=125.0555=125.0555=125.0555=125.0555=125.0555=125.0555=125.0555=125.0555=125.0555=125.0555=125.0555=125.0555=125.0555=125.0555=125.0555=125.0555=125.0555=125.0555=125.0555=125.0555=125.0555=125.0555=125.0555=125.0555=125.0555=125.0555=125.0555=125.0555=125.0555=125.0555
SADE,CHI,7,2,106.226=112.1686=112.1686=117.2854=117.2854=117.2854=117.2854=117.2854=117.2854=118.271=121.935=122.8201=122.8201=122.8201=122.8201=122.8201=122.8201=122.8201=122.8201=122.8201=122.8201=123.7228=124.8484=124.8484=124.8484=124.8484=124.8484=124.8484=124.9297=124.9297=124.9297=124.9297=124.9297=124.9297=124.9297=124.9297=124.9297=124.9297=124.9297=124.9297=124.9297=124.9297=124.9297=124.9297=124.9297=124.9297=124.9297=124.9297=124.9297=124.9297=124.9297=124.9297=124.9297=124.9297=124.9297=124.9297=124.9297=124.9297=124.9297=124.9297=124.9297=124.9297=124.9297=124.9297=124.9297=124.9297=124.9297=124.9297=124.9297=124.9297=124.9297=124.9297=124.9297=125.0555=125.0555=125.0555=125.0555=125.0555=125.0555=125.0555=125.0555=125.0555=125.0555=125.0555=125.0555=125.0555=125.0555=125.0555=125.0555=125.0555=125.0555=125.0555=125.0555=125.0555=125.0555=125.0555=125.0555=125.0555=125.0555=125.0555=125.0555=125.0555=125.0555=125.0555=125.0555=125.0555=125.0555=125.0555=125.0555=125.0555=125.0555=125.0555=125.0555=125.0555=125.0555=125.0555=125.0555=125.0555=125.0555=125.0555=125.0555=125.0555=125.0555=125.0555=125.0555=125.0555=125.0555=125.0555=125.0555=125.0555=125.0555=125.0555=125.0555=125.0555=125.0555=125.0555=125.0555=125.0555=125.0555=125.0555=125.0555=125.0555=125.0555=125.0555=125.0555=125.0555=125.0555=125.0555=125.0555=125.0555=125.0555=125.0555=125.0555=125.0555=125.0555=125.0555=125.0555=125.0555=125.0555=125.0555=125.0555=125.0555=125.0555=125.0555=125.0555=125.0555=125.0555=125.0555=125.0555=125.0555=125.0555=125.0555=125.0555=125.0555=125.0555=125.0555=125.0555=125.0555=125.0555=125.0555=125.0555=125.0555=125.0555=125.0555=125.0555=125.0555=125.0555=125.0555=125.0555=125.0555=125.0555=125.0555=125.0555=125.0555=125.0555=125.0555=125.0555=125.0555=125.0555=125.0555=125.0555=125.0555=125.0555=125.0555=125.0555=125.0555=125.0555=125.0555=125.0555=125.0555=125.0555=125.0555=125.0555=125.0555=125.0555=125.0555=125.0555=125.0555=125.0555=125.0555=125.0555=125.0555=125.0555=125.0555=125.0555=125.0555=125.0555=125.0555=125.0555=125.0555=125.0555=125.0555=125.0555=125.0555=125.0555=125.0555=125.0555=125.0555=125.0555=125.0555=125.0555=125.0555=125.0555=125.0555=125.0555=125.0555=125.0555=125.0555=125.0555=125.0555=125.0555=125.0555=125.0555=125.0555=125.0555=125.0555=125.0555=125.0555=125.0555=125.0555=125.0555=125.0555=125.0555=125.0555=125.0555=125.0555=125.0555=125.0555=125.0555=125.0555=125.0555=125.0555=125.0555=125.0555=125.0555=125.0555=125.0555=125.0555=125.0555=125.0555=125.0555=125.0555=125.0555=125.0555=125.0555=125.0555=125.0555=125.0555=125.0555=125.0555=125.0555=125.0555=125.0555=125.0555=125.0555=125.0555=125.0555=125.0555=125.0555=125.0555
SADE,CHI,8,2,97.9939=97.9939=108.7995=108.7995=108.7995=108.9273=115.5641=118.3873=118.3873=118.3873=118.3873=118.3873=118.3873=118.3873=121.5655=121.5655=122.9985=122.9985=122.9985=122.9985=122.9985=122.9985=122.9985=123.004=123.004=123.5769=124.2914=124.2914=124.5242=124.5242=124.5242=124.8326=124.8326=124.8326=124.8326=124.8326=124.8326=124.8326=124.8326=124.8414=124.8414=124.8484=124.8484=124.9244=124.9297=124.9297=125.0555=125.0555=125.0555=125.0555=125.0555=125.0555=125.0555=125.0555=125.0555=125.0555=125.0555=125.0555=125.0555=125.0555=125.0555=125.0555=125.0555=125.0555=125.0555=125.0555=125.0555=125.0555=125.0555=125.0555=125.0555=125.0555=125.0555=125.0555=125.0555=125.0555=125.0555=125.0555=125.0555=125.0555=125.0555=125.0555=125.0555=125.0555=125.0555=125.0555=125.0555=125.0555=125.0555=125.0555=125.0555=125.0555=125.0555=125.0555=125.0555=125.0555=125.0555=125.0555=125.0555=125.0555=125.0555=125.0555=125.0555=125.0555=125.0555=125.0555=125.0555=125.0555=125.0555=125.0555=125.0555=125.0555=125.0555=125.0555=125.0555=125.0555=125.0555=125.0555=125.0555=125.0555=125.0555=125.0555=125.0555=125.0555=125.0555=125.0555=125.0555=125.0555=125.0555=125.0555=125.0555=125.0555=125.0555=125.0555=125.0555=125.0555=125.0555=125.0555=125.0555=125.0555=125.0555=125.0555=125.0555=125.0555=125.0555=125.0555=125.0555=125.0555=125.0555=125.0555=125.0555=125.0555=125.0555=125.0555=125.0555=125.0555=125.0555=125.0555=125.0555=125.0555=125.0555=125.0555=125.0555=125.0555=125.0555=125.0555=125.0555=125.0555=125.0555=125.0555=125.0555=125.0555=125.0555=125.0555=125.0555=125.0555=125.0555=125.0555=125.0555=125.0555=125.0555=125.0555=125.0555=125.0555=125.0555=125.0555=125.0555=125.0555=125.0555=125.0555=125.0555=125.0555=125.0555=125.0555=125.0555=125.0555=125.0555=125.0555=125.0555=125.0555=125.0555=125.0555=125.0555=125.0555=125.0555=125.0555=125.0555=125.0555=125.0555=125.0555=125.0555=125.0555=125.0555=125.0555=125.0555=125.0555=125.0555=125.0555=125.0555=125.0555=125.0555=125.0555=125.0555=125.0555=125.0555=125.0555=125.0555=125.0555=125.0555=125.0555=125.0555=125.0555=125.0555=125.0555=125.0555=125.0555=125.0555=125.0555=125.0555=125.0555=125.0555=125.0555=125.0555=125.0555=125.0555=125.0555=125.0555=125.0555=125.0555=125.0555=125.0555=125.0555=125.0555=125.0555=125.0555=125.0555=125.0555=125.0555=125.0555=125.0555=125.0555=125.0555=125.0555=125.0555=125.0555=125.0555=125.0555=125.0555=125.0555=125.0555=125.0555=125.0555=125.0555=125.0555=125.0555=125.0555=125.0555=125.0555=125.0555=125.0555=125.0555=125.0555=125.0555=125.0555=125.0555=125.0555=125.0555=125.0555=125.0555=125.0555=125.0555=125.0555=125.0555=125.0555=125.0555=125.0555=125.0555=125.0555=125.0555=125.0555
SADE,CHI,9,2,99.6829=104.0816=107.4199=107.4199=107.4199=114.9745=114.9745=114.9745=114.9745=118.2089=118.2089=120.0192=120.3838=120.3838=123.0649=123.0649=123.0649=123.0649=123.0649=123.0649=123.0649=123.0649=123.0649=123.2092=123.4906=123.4906=124.1142=124.1142=124.1142=124.1142=124.1142=124.1142=124.1142=124.1142=124.1142=124.6226=125.0555=125.0555=125.0555=125.0555=125.0555=125.0555=125.0555=125.0555=125.0555=125.0555=125.0555=125.0555=125.0555=125.0555=125.0555=125.0555=125.0555=125.0555=125.0555=125.0555=125.0555=125.0555=125.0555=125.0555=125.0555=125.0555=125.0555=125.0555=125.0555=125.0555=125.0555=125.0555=125.0555=125.0555=125.0555=125.0555=125.0555=125.0555=125.0555=125.0555=125.0555=125.0555=125.0555=125.0555=125.0555=125.0555=125.0555=125.0555=125.0555=125.0555=125.0555=125.0555=125.0555=125.0555=125.0555=125.0555=125.0555=125.0555=125.0555=125.0555=125.0555=125.0555=125.0555=125.0555=125.0555=125.0555=125.0555=125.0555=125.0555=125.0555=125.0555=125.0555=125.0555=125.0555=125.0555=125.0555=125.0555=125.0555=125.0555=125.0555=125.0555=125.0555=125.0555=125.0555=125.0555=125.0555=125.0555=125.0555=125.0555=125.0555=125.0555=125.0555=125.0555=125.0555=125.0555=125.0555=125.0555=125.0555=125.0555=125.0555=125.0555=125.0555=125.0555=125.0555=125.0555=125.0555=125.0555=125.0555=125.0555=125.0555=125.0555=125.0555=125.0555=125.0555=125.0555=125.0555=125.0555=125.0555=125.0555=125.0555=125.0555=125.0555=125.0555=125.0555=125.0555=125.0555=125.0555=125.0555=125.0555=125.0555=125.0555=125.0555=125.0555=125.0555=125.0555=125.0555=125.0555=125.0555=125.0555=125.0555=125.0555=125.0555=125.0555=125.0555=125.0555=125.0555=125.0555=125.0555=125.0555=125.0555=125.0555=125.0555=125.0555=125.0555=125.0555=125.0555=125.0555=125.0555=125.0555=125.0555=125.0555=125.0555=125.0555=125.0555=125.0555=125.0555=125.0555=125.0555=125.0555=125.0555=125.0555=125.0555=125.0555=125.0555=125.0555=125.0555=125.0555=125.0555=125.0555=125.0555=125.0555=125.0555=125.0555=125.0555=125.0555=125.0555=125.0555=125.0555=125.0555=125.0555=125.0555=125.0555=125.0555=125.0555=125.0555=125.0555=125.0555=125.0555=125.0555=125.0555=125.0555=125.0555=125.0555=125.0555=125.0555=125.0555=125.0555=125.0555=125.0555=125.0555=125.0555=125.0555=125.0555=125.0555=125.0555=125.0555=125.0555=125.0555=125.0555=125.0555=125.0555=125.0555=125.0555=125.0555=125.0555=125.0555=125.0555=125.0555=125.0555=125.0555=125.0555=125.0555=125.0555=125.0555=125.0555=125.0555=125.0555=125.0555=125.0555=125.0555=125.0555=125.0555=125.0555=125.0555=125.0555=125.0555=125.0555=125.0555=125.0555=125.0555=125.0555=125.0555=125.0555=125.0555=125.0555=125.0555=125.0555=125.0555=125.0555=125.0555=125.0555=125.0555=125.0555=125.0555
SADE,CHI,10,2,101.3378=101.3378=109.9122=109.9122=115.2613=115.2613=115.2613=115.2613=117.9384=117.9384=117.9384=117.9384=118.9235=118.9235=118.9235=119.8124=120.697=120.697=120.697=120.697=123.1874=123.1874=123.1874=123.1874=123.1874=123.1874=123.1874=123.3642=123.3642=123.3642=123.3642=123.3642=123.3642=123.3642=123.3642=123.3642=123.3642=123.418=123.418=123.418=123.418=123.418=123.8947=123.8947=123.8947=123.8947=123.8947=123.8947=123.8947=123.8947=123.8947=123.8947=123.8947=123.8947=123.8947=123.8947=124.3588=124.703=124.703=124.703=124.703=124.703=124.703=124.703=124.703=124.703=124.703=124.703=124.703=124.703=124.703=124.8484=124.8484=124.9244=124.9244=124.9244=124.9244=124.9244=124.9244=124.9244=124.9297=124.9297=124.9297=124.9297=124.9297=124.9297=124.9297=124.9297=124.9297=124.9297=124.9297=124.9297=124.9297=124.9297=124.9297=124.9297=124.9297=124.9297=124.9297=124.9297=124.9297=124.9297=124.9297=125.0555=125.0555=125.0555=125.0555=125.0555=125.0555=125.0555=125.0555=125.0555=125.0555=125.0555=125.0555=125.0555=125.0555=125.0555=125.0555=125.0555=125.0555=125.0555=125.0555=125.0555=125.0555=125.0555=125.0555=125.0555=125.0555=125.0555=125.0555=125.0555=125.0555=125.0555=125.0555=125.0555=125.0555=125.0555=125.0555=125.0555=125.0555=125.0555=125.0555=125.0555=125.0555=125.0555=125.0555=125.0555=125.0555=125.0555=125.0555=125.0555=125.0555=125.0555=125.0555=125.0555=125.0555=125.0555=125.0555=125.0555=125.0555=125.0555=125.0555=125.0555=125.0555=125.0555=125.0555=125.0555=125.0555=125.0555=125.0555=125.0555=125.0555=125.0555=125.0555=125.0555=125.0555=125.0555=125.0555=125.0555=125.0555=125.0555=125.0555=125.0555=125.0555=125.0555=125.0555=125.0555=125.0555=125.0555=125.0555=125.0555=125.0555=125.0555=125.0555=125.0555=125.0555=125.0555=125.0555=125.0555=125.0555=125.0555=125.0555=125.0555=125.0555=125.0555=125.0555=125.0555=125.0555=125.0555=125.0555=125.0555=125.0555=125.0555=125.0555=125.0555=125.0555=125.0555=125.0555=125.0555=125.0555=125.0555=125.0555=125.0555=125.0555=125.0555=125.0555=125.0555=125.0555=125.0555=125.0555=125.0555=125.0555=125.0555=125.0555=125.0555=125.0555=125.0555=125.0555=125.0555=125.0555=125.0555=125.0555=125.0555=125.0555=125.0555=125.0555=125.0555=125.0555=125.0555=125.0555=125.0555=125.0555=125.0555=125.0555=125.0555=125.0555=125.0555=125.0555=125.0555=125.0555=125.0555=125.0555=125.0555=125.0555=125.0555=125.0555=125.0555=125.0555=125.0555=125.0555=125.0555=125.0555=125.0555=125.0555=125.0555=125.0555=125.0555=125.0555=125.0555=125.0555=125.0555=125.0555=125.0555=125.0555=125.0555=125.0555=125.0555=125.0555=125.0555=125.0555=125.0555=125.0555=125.0555=125.0555=125.0555=125.0555=125.0555=125.0555=125.0555
SADE,NMIS,1,2,0.0=0.0=0.0=0.0=0.0=0.0=0.0=0.0=0.0=0.0=0.0=0.0=0.0=0.0=0.0=0.0=0.0=0.0=0.0=0.0=0.0=0.0=0.0=0.0=0.0=0.0=0.0=0.0=0.0=0.0=0.0=0.0=0.0=0.0=0.0=0.0=0.0=0.0=0.0=0.0=0.0=0.0=0.0=0.0=0.0=0.0=0.0=0.0=0.0=0.0=0.0=0.0=0.0=0.0=0.0=0.0=0.0=0.0=0.0=0.0=0.0=0.0=0.0=0.0=0.0=0.0=0.0=0.0=0.0=0.0=0.0=0.0=0.0=0.0=0.0=0.0=0.0=0.0=0.0=0.0=0.0=0.0=0.0=0.0=0.0=0.0=0.0=0.0=0.0=0.0=0.0=0.0=0.0=0.0=0.0=0.0=0.0=0.0=0.0=0.0=0.0=0.0=0.0=0.0=0.0=0.0=0.0=0.0=0.0=0.0=0.0=0.0=0.0=0.0=0.0=0.0=0.0=0.0=0.0=0.0=0.0=0.0=0.0=0.0=0.0=0.0=0.0=0.0=0.0=0.0=0.0=0.0=0.0=0.0=0.0=0.0=0.0=0.0=0.0=0.0=0.0=0.0=0.0=0.0=0.0=0.0=0.0=0.0=0.0=0.0=0.0=0.0=0.0=0.0=0.0=0.0=0.0=0.0=0.0=0.0=0.0=0.0=0.0=0.0=0.0=0.0=0.0=0.0=0.0=0.0=0.0=0.0=0.0=0.0=0.0=0.0=0.0=0.0=0.0=0.0=0.0=0.0=0.0=0.0=0.0=0.0=0.0=0.0=0.0=0.0=0.0=0.0=0.0=0.0=0.0=0.0=0.0=0.0=0.0=0.0=0.0=0.0=0.0=0.0=0.0=0.0=0.0=0.0=0.0=0.0=0.0=0.0=0.0=0.0=0.0=0.0=0.0=0.0=0.0=0.0=0.0=0.0=0.0=0.0=0.0=0.0=0.0=0.0=0.0=0.0=0.0=0.0=0.0=0.0=0.0=0.0=0.0=0.0=0.0=0.0=0.0=0.0=0.0=0.0=0.0=0.0=0.0=0.0=0.0=0.0=0.0=0.0=0.0=0.0=0.0=0.0=0.0=0.0=0.0=0.0=0.0=0.0=0.0=0.0=0.0=0.0=0.0=0.0=0.0=0.0=0.0=0.0=0.0=0.0=0.0=0.0=0.0=0.0=0.0=0.0=0.0=0.0=0.0=0.0=0.0=0.0=0.0=0.0=0.0=0.0=0.0=0.0=0.0=0.0=0.0=0.0=0.0=0.0=0.0=0.0
SADE,NMIS,2,2,0.0=0.0=0.0=0.0=0.0=0.0=0.0=0.0=0.0=0.0=0.0=0.0=0.0=0.0=0.0=0.0=0.0=0.0=0.0=0.0=0.0=0.0=0.0=0.0=0.0=0.0=0.0=0.0=0.0=0.0=0.0=0.0=0.0=0.0=0.0=0.0=0.0=0.0=0.0=0.0=0.0=0.0=0.0=0.0=0.0=0.0=0.0=0.0=0.0=0.0=0.0=0.0=0.0=0.0=0.0=0.0=0.0=0.0=0.0=0.0=0.0=0.0=0.0=0.0=0.0=0.0=0.0=0.0=0.0=0.0=0.0=0.0=0.0=0.0=0.0=0.0=0.0=0.0=0.0=0.0=0.0=0.0=0.0=0.0=0.0=0.0=0.0=0.0=0.0=0.0=0.0=0.0=0.0=0.0=0.0=0.0=0.0=0.0=0.0=0.0=0.0=0.0=0.0=0.0=0.0=0.0=0.0=0.0=0.0=0.0=0.0=0.0=0.0=0.0=0.0=0.0=0.0=0.0=0.0=0.0=0.0=0.0=0.0=0.0=0.0=0.0=0.0=0.0=0.0=0.0=0.0=0.0=0.0=0.0=0.0=0.0=0.0=0.0=0.0=0.0=0.0=0.0=0.0=0.0=0.0=0.0=0.0=0.0=0.0=0.0=0.0=0.0=0.0=0.0=0.0=0.0=0.0=0.0=0.0=0.0=0.0=0.0=0.0=0.0=0.0=0.0=0.0=0.0=0.0=0.0=0.0=0.0=0.0=0.0=0.0=0.0=0.0=0.0=0.0=0.0=0.0=0.0=0.0=0.0=0.0=0.0=0.0=0.0=0.0=0.0=0.0=0.0=0.0=0.0=0.0=0.0=0.0=0.0=0.0=0.0=0.0=0.0=0.0=0.0=0.0=0.0=0.0=0.0=0.0=0.0=0.0=0.0=0.0=0.0=0.0=0.0=0.0=0.0=0.0=0.0=0.0=0.0=0.0=0.0=0.0=0.0=0.0=0.0=0.0=0.0=0.0=0.0=0.0=0.0=0.0=0.0=0.0=0.0=0.0=0.0=0.0=0.0=0.0=0.0=0.0=0.0=0.0=0.0=0.0=0.0=0.0=0.0=0.0=0.0=0.0=0.0=0.0=0.0=0.0=0.0=0.0=0.0=0.0=0.0=0.0=0.0=0.0=0.0=0.0=0.0=0.0=0.0=0.0=0.0=0.0=0.0=0.0=0.0=0.0=0.0=0.0=0.0=0.0=0.0=0.0=0.0=0.0=0.0=0.0=0.0=0.0=0.0=0.0=0.0=0.0=0.0=0.0=0.0=0.0=0.0
SADE,NMIS,3,2,0.0=0.0=0.0=0.0=0.0=0.0=0.0=0.0=0.0=0.0=0.0=0.0=0.0=0.0=0.0=0.0=0.0=0.0=0.0=0.0=0.0=0.0=0.0=0.0=0.0=0.0=0.0=0.0=0.0=0.0=0.0=0.0=0.0=0.0=0.0=0.0=0.0=0.0=0.0=0.0=0.0=0.0=0.0=0.0=0.0=0.0=0.0=0.0=0.0=0.0=0.0=0.0=0.0=0.0=0.0=0.0=0.0=0.0=0.0=0.0=0.0=0.0=0.0=0.0=0.0=0.0=0.0=0.0=0.0=0.0=0.0=0.0=0.0=0.0=0.0=0.0=0.0=0.0=0.0=0.0=0.0=0.0=0.0=0.0=0.0=0.0=0.0=0.0=0.0=0.0=0.0=0.0=0.0=0.0=0.0=0.0=0.0=0.0=0.0=0.0=0.0=0.0=0.0=0.0=0.0=0.0=0.0=0.0=0.0=0.0=0.0=0.0=0.0=0.0=0.0=0.0=0.0=0.0=0.0=0.0=0.0=0.0=0.0=0.0=0.0=0.0=0.0=0.0=0.0=0.0=0.0=0.0=0.0=0.0=0.0=0.0=0.0=0.0=0.0=0.0=0.0=0.0=0.0=0.0=0.0=0.0=0.0=0.0=0.0=0.0=0.0=0.0=0.0=0.0=0.0=0.0=0.0=0.0=0.0=0.0=0.0=0.0=0.0=0.0=0.0=0.0=0.0=0.0=0.0=0.0=0.0=0.0=0.0=0.0=0.0=0.0=0.0=0.0=0.0=0.0=0.0=0.0=0.0=0.0=0.0=0.0=0.0=0.0=0.0=0.0=0.0=0.0=0.0=0.0=0.0=0.0=0.0=0.0=0.0=0.0=0.0=0.0=0.0=0.0=0.0=0.0=0.0=0.0=0.0=0.0=0.0=0.0=0.0=0.0=0.0=0.0=0.0=0.0=0.0=0.0=0.0=0.0=0.0=0.0=0.0=0.0=0.0=0.0=0.0=0.0=0.0=0.0=0.0=0.0=0.0=0.0=0.0=0.0=0.0=0.0=0.0=0.0=0.0=0.0=0.0=0.0=0.0=0.0=0.0=0.0=0.0=0.0=0.0=0.0=0.0=0.0=0.0=0.0=0.0=0.0=0.0=0.0=0.0=0.0=0.0=0.0=0.0=0.0=0.0=0.0=0.0=0.0=0.0=0.0=0.0=0.0=0.0=0.0=0.0=0.0=0.0=0.0=0.0=0.0=0.0=0.0=0.0=0.0=0.0=0.0=0.0=0.0=0.0=0.0=0.0=0.0=0.0=0.0=0.0=0.0
SADE,NMIS,4,2,0.0=0.0=0.0=0.0=0.0=0.0=0.0=0.0=0.0=0.0=0.0=0.0=0.0=0.0=0.0=0.0=0.0=0.0=0.0=0.0=0.0=0.0=0.0=0.0=0.0=0.0=0.0=0.0=0.0=0.0=0.0=0.0=0.0=0.0=0.0=0.0=0.0=0.0=0.0=0.0=0.0=0.0=0.0=0.0=0.0=0.0=0.0=0.0=0.0=0.0=0.0=0.0=0.0=0.0=0.0=0.0=0.0=0.0=0.0=0.0=0.0=0.0=0.0=0.0=0.0=0.0=0.0=0.0=0.0=0.0=0.0=0.0=0.0=0.0=0.0=0.0=0.0=0.0=0.0=0.0=0.0=0.0=0.0=0.0=0.0=0.0=0.0=0.0=0.0=0.0=0.0=0.0=0.0=0.0=0.0=0.0=0.0=0.0=0.0=0.0=0.0=0.0=0.0=0.0=0.0=0.0=0.0=0.0=0.0=0.0=0.0=0.0=0.0=0.0=0.0=0.0=0.0=0.0=0.0=0.0=0.0=0.0=0.0=0.0=0.0=0.0=0.0=0.0=0.0=0.0=0.0=0.0=0.0=0.0=0.0=0.0=0.0=0.0=0.0=0.0=0.0=0.0=0.0=0.0=0.0=0.0=0.0=0.0=0.0=0.0=0.0=0.0=0.0=0.0=0.0=0.0=0.0=0.0=0.0=0.0=0.0=0.0=0.0=0.0=0.0=0.0=0.0=0.0=0.0=0.0=0.0=0.0=0.0=0.0=0.0=0.0=0.0=0.0=0.0=0.0=0.0=0.0=0.0=0.0=0.0=0.0=0.0=0.0=0.0=0.0=0.0=0.0=0.0=0.0=0.0=0.0=0.0=0.0=0.0=0.0=0.0=0.0=0.0=0.0=0.0=0.0=0.0=0.0=0.0=0.0=0.0=0.0=0.0=0.0=0.0=0.0=0.0=0.0=0.0=0.0=0.0=0.0=0.0=0.0=0.0=0.0=0.0=0.0=0.0=0.0=0.0=0.0=0.0=0.0=0.0=0.0=0.0=0.0=0.0=0.0=0.0=0.0=0.0=0.0=0.0=0.0=0.0=0.0=0.0=0.0=0.0=0.0=0.0=0.0=0.0=0.0=0.0=0.0=0.0=0.0=0.0=0.0=0.0=0.0=0.0=0.0=0.0=0.0=0.0=0.0=0.0=0.0=0.0=0.0=0.0=0.0=0.0=0.0=0.0=0.0=0.0=0.0=0.0=0.0=0.0=0.0=0.0=0.0=0.0=0.0=0.0=0.0=0.0=0.0=0.0=0.0=0.0=0.0=0.0=0.0
SADE,NMIS,5,2,0.0=0.0=0.0=0.0=0.0=0.0=0.0=0.0=0.0=0.0=0.0=0.0=0.0=0.0=0.0=0.0=0.0=0.0=0.0=0.0=0.0=0.0=0.0=0.0=0.0=0.0=0.0=0.0=0.0=0.0=0.0=0.0=0.0=0.0=0.0=0.0=0.0=0.0=0.0=0.0=0.0=0.0=0.0=0.0=0.0=0.0=0.0=0.0=0.0=0.0=0.0=0.0=0.0=0.0=0.0=0.0=0.0=0.0=0.0=0.0=0.0=0.0=0.0=0.0=0.0=0.0=0.0=0.0=0.0=0.0=0.0=0.0=0.0=0.0=0.0=0.0=0.0=0.0=0.0=0.0=0.0=0.0=0.0=0.0=0.0=0.0=0.0=0.0=0.0=0.0=0.0=0.0=0.0=0.0=0.0=0.0=0.0=0.0=0.0=0.0=0.0=0.0=0.0=0.0=0.0=0.0=0.0=0.0=0.0=0.0=0.0=0.0=0.0=0.0=0.0=0.0=0.0=0.0=0.0=0.0=0.0=0.0=0.0=0.0=0.0=0.0=0.0=0.0=0.0=0.0=0.0=0.0=0.0=0.0=0.0=0.0=0.0=0.0=0.0=0.0=0.0=0.0=0.0=0.0=0.0=0.0=0.0=0.0=0.0=0.0=0.0=0.0=0.0=0.0=0.0=0.0=0.0=0.0=0.0=0.0=0.0=0.0=0.0=0.0=0.0=0.0=0.0=0.0=0.0=0.0=0.0=0.0=0.0=0.0=0.0=0.0=0.0=0.0=0.0=0.0=0.0=0.0=0.0=0.0=0.0=0.0=0.0=0.0=0.0=0.0=0.0=0.0=0.0=0.0=0.0=0.0=0.0=0.0=0.0=0.0=0.0=0.0=0.0=0.0=0.0=0.0=0.0=0.0=0.0=0.0=0.0=0.0=0.0=0.0=0.0=0.0=0.0=0.0=0.0=0.0=0.0=0.0=0.0=0.0=0.0=0.0=0.0=0.0=0.0=0.0=0.0=0.0=0.0=0.0=0.0=0.0=0.0=0.0=0.0=0.0=0.0=0.0=0.0=0.0=0.0=0.0=0.0=0.0=0.0=0.0=0.0=0.0=0.0=0.0=0.0=0.0=0.0=0.0=0.0=0.0=0.0=0.0=0.0=0.0=0.0=0.0=0.0=0.0=0.0=0.0=0.0=0.0=0.0=0.0=0.0=0.0=0.0=0.0=0.0=0.0=0.0=0.0=0.0=0.0=0.0=0.0=0.0=0.0=0.0=0.0=0.0=0.0=0.0=0.0=0.0=0.0=0.0=0.0=0.0=0.0
SADE,NMIS,6,2,0.0=0.0=0.0=0.0=0.0=0.0=0.0=0.0=0.0=0.0=0.0=0.0=0.0=0.0=0.0=0.0=0.0=0.0=0.0=0.0=0.0=0.0=0.0=0.0=0.0=0.0=0.0=0.0=0.0=0.0=0.0=0.0=0.0=0.0=0.0=0.0=0.0=0.0=0.0=0.0=0.0=0.0=0.0=0.0=0.0=0.0=0.0=0.0=0.0=0.0=0.0=0.0=0.0=0.0=0.0=0.0=0.0=0.0=0.0=0.0=0.0=0.0=0.0=0.0=0.0=0.0=0.0=0.0=0.0=0.0=0.0=0.0=0.0=0.0=0.0=0.0=0.0=0.0=0.0=0.0=0.0=0.0=0.0=0.0=0.0=0.0=0.0=0.0=0.0=0.0=0.0=0.0=0.0=0.0=0.0=0.0=0.0=0.0=0.0=0.0=0.0=0.0=0.0=0.0=0.0=0.0=0.0=0.0=0.0=0.0=0.0=0.0=0.0=0.0=0.0=0.0=0.0=0.0=0.0=0.0=0.0=0.0=0.0=0.0=0.0=0.0=0.0=0.0=0.0=0.0=0.0=0.0=0.0=0.0=0.0=0.0=0.0=0.0=0.0=0.0=0.0=0.0=0.0=0.0=0.0=0.0=0.0=0.0=0.0=0.0=0.0=0.0=0.0=0.0=0.0=0.0=0.0=0.0=0.0=0.0=0.0=0.0=0.0=0.0=0.0=0.0=0.0=0.0=0.0=0.0=0.0=0.0=0.0=0.0=0.0=0.0=0.0=0.0=0.0=0.0=0.0=0.0=0.0=0.0=0.0=0.0=0.0=0.0=0.0=0.0=0.0=0.0=0.0=0.0=0.0=0.0=0.0=0.0=0.0=0.0=0.0=0.0=0.0=0.0=0.0=0.0=0.0=0.0=0.0=0.0=0.0=0.0=0.0=0.0=0.0=0.0=0.0=0.0=0.0=0.0=0.0=0.0=0.0=0.0=0.0=0.0=0.0=0.0=0.0=0.0=0.0=0.0=0.0=0.0=0.0=0.0=0.0=0.0=0.0=0.0=0.0=0.0=0.0=0.0=0.0=0.0=0.0=0.0=0.0=0.0=0.0=0.0=0.0=0.0=0.0=0.0=0.0=0.0=0.0=0.0=0.0=0.0=0.0=0.0=0.0=0.0=0.0=0.0=0.0=0.0=0.0=0.0=0.0=0.0=0.0=0.0=0.0=0.0=0.0=0.0=0.0=0.0=0.0=0.0=0.0=0.0=0.0=0.0=0.0=0.0=0.0=0.0=0.0=0.0=0.0=0.0=0.0=0.0=0.0=0.0
SADE,NMIS,7,2,0.0=0.0=0.0=0.0=0.0=0.0=0.0=0.0=0.0=0.0=0.0=0.0=0.0=0.0=0.0=0.0=0.0=0.0=0.0=0.0=0.0=0.0=0.0=0.0=0.0=0.0=0.0=0.0=0.0=0.0=0.0=0.0=0.0=0.0=0.0=0.0=0.0=0.0=0.0=0.0=0.0=0.0=0.0=0.0=0.0=0.0=0.0=0.0=0.0=0.0=0.0=0.0=0.0=0.0=0.0=0.0=0.0=0.0=0.0=0.0=0.0=0.0=0.0=0.0=0.0=0.0=0.0=0.0=0.0=0.0=0.0=0.0=0.0=0.0=0.0=0.0=0.0=0.0=0.0=0.0=0.0=0.0=0.0=0.0=0.0=0.0=0.0=0.0=0.0=0.0=0.0=0.0=0.0=0.0=0.0=0.0=0.0=0.0=0.0=0.0=0.0=0.0=0.0=0.0=0.0=0.0=0.0=0.0=0.0=0.0=0.0=0.0=0.0=0.0=0.0=0.0=0.0=0.0=0.0=0.0=0.0=0.0=0.0=0.0=0.0=0.0=0.0=0.0=0.0=0.0=0.0=0.0=0.0=0.0=0.0=0.0=0.0=0.0=0.0=0.0=0.0=0.0=0.0=0.0=0.0=0.0=0.0=0.0=0.0=0.0=0.0=0.0=0.0=0.0=0.0=0.0=0.0=0.0=0.0=0.0=0.0=0.0=0.0=0.0=0.0=0.0=0.0=0.0=0.0=0.0=0.0=0.0=0.0=0.0=0.0=0.0=0.0=0.0=0.0=0.0=0.0=0.0=0.0=0.0=0.0=0.0=0.0=0.0=0.0=0.0=0.0=0.0=0.0=0.0=0.0=0.0=0.0=0.0=0.0=0.0=0.0=0.0=0.0=0.0=0.0=0.0=0.0=0.0=0.0=0.0=0.0=0.0=0.0=0.0=0.0=0.0=0.0=0.0=0.0=0.0=0.0=0.0=0.0=0.0=0.0=0.0=0.0=0.0=0.0=0.0=0.0=0.0=0.0=0.0=0.0=0.0=0.0=0.0=0.0=0.0=0.0=0.0=0.0=0.0=0.0=0.0=0.0=0.0=0.0=0.0=0.0=0.0=0.0=0.0=0.0=0.0=0.0=0.0=0.0=0.0=0.0=0.0=0.0=0.0=0.0=0.0=0.0=0.0=0.0=0.0=0.0=0.0=0.0=0.0=0.0=0.0=0.0=0.0=0.0=0.0=0.0=0.0=0.0=0.0=0.0=0.0=0.0=0.0=0.0=0.0=0.0=0.0=0.0=0.0=0.0=0.0=0.0=0.0=0.0=0.0
SADE,NMIS,8,2,0.0=0.0=0.0=0.0=0.0=0.0=0.0=0.0=0.0=0.0=0.0=0.0=0.0=0.0=0.0=0.0=0.0=0.0=0.0=0.0=0.0=0.0=0.0=0.0=0.0=0.0=0.0=0.0=0.0=0.0=0.0=0.0=0.0=0.0=0.0=0.0=0.0=0.0=0.0=0.0=0.0=0.0=0.0=0.0=0.0=0.0=0.0=0.0=0.0=0.0=0.0=0.0=0.0=0.0=0.0=0.0=0.0=0.0=0.0=0.0=0.0=0.0=0.0=0.0=0.0=0.0=0.0=0.0=0.0=0.0=0.0=0.0=0.0=0.0=0.0=0.0=0.0=0.0=0.0=0.0=0.0=0.0=0.0=0.0=0.0=0.0=0.0=0.0=0.0=0.0=0.0=0.0=0.0=0.0=0.0=0.0=0.0=0.0=0.0=0.0=0.0=0.0=0.0=0.0=0.0=0.0=0.0=0.0=0.0=0.0=0.0=0.0=0.0=0.0=0.0=0.0=0.0=0.0=0.0=0.0=0.0=0.0=0.0=0.0=0.0=0.0=0.0=0.0=0.0=0.0=0.0=0.0=0.0=0.0=0.0=0.0=0.0=0.0=0.0=0.0=0.0=0.0=0.0=0.0=0.0=0.0=0.0=0.0=0.0=0.0=0.0=0.0=0.0=0.0=0.0=0.0=0.0=0.0=0.0=0.0=0.0=0.0=0.0=0.0=0.0=0.0=0.0=0.0=0.0=0.0=0.0=0.0=0.0=0.0=0.0=0.0=0.0=0.0=0.0=0.0=0.0=0.0=0.0=0.0=0.0=0.0=0.0=0.0=0.0=0.0=0.0=0.0=0.0=0.0=0.0=0.0=0.0=0.0=0.0=0.0=0.0=0.0=0.0=0.0=0.0=0.0=0.0=0.0=0.0=0.0=0.0=0.0=0.0=0.0=0.0=0.0=0.0=0.0=0.0=0.0=0.0=0.0=0.0=0.0=0.0=0.0=0.0=0.0=0.0=0.0=0.0=0.0=0.0=0.0=0.0=0.0=0.0=0.0=0.0=0.0=0.0=0.0=0.0=0.0=0.0=0.0=0.0=0.0=0.0=0.0=0.0=0.0=0.0=0.0=0.0=0.0=0.0=0.0=0.0=0.0=0.0=0.0=0.0=0.0=0.0=0.0=0.0=0.0=0.0=0.0=0.0=0.0=0.0=0.0=0.0=0.0=0.0=0.0=0.0=0.0=0.0=0.0=0.0=0.0=0.0=0.0=0.0=0.0=0.0=0.0=0.0=0.0=0.0=0.0=0.0=0.0=0.0=0.0=0.0=0.0
SADE,NMIS,9,2,0.0=0.0=0.0=0.0=0.0=0.0=0.0=0.0=0.0=0.0=0.0=0.0=0.0=0.0=0.0=0.0=0.0=0.0=0.0=0.0=0.0=0.0=0.0=0.0=0.0=0.0=0.0=0.0=0.0=0.0=0.0=0.0=0.0=0.0=0.0=0.0=0.0=0.0=0.0=0.0=0.0=0.0=0.0=0.0=0.0=0.0=0.0=0.0=0.0=0.0=0.0=0.0=0.0=0.0=0.0=0.0=0.0=0.0=0.0=0.0=0.0=0.0=0.0=0.0=0.0=0.0=0.0=0.0=0.0=0.0=0.0=0.0=0.0=0.0=0.0=0.0=0.0=0.0=0.0=0.0=0.0=0.0=0.0=0.0=0.0=0.0=0.0=0.0=0.0=0.0=0.0=0.0=0.0=0.0=0.0=0.0=0.0=0.0=0.0=0.0=0.0=0.0=0.0=0.0=0.0=0.0=0.0=0.0=0.0=0.0=0.0=0.0=0.0=0.0=0.0=0.0=0.0=0.0=0.0=0.0=0.0=0.0=0.0=0.0=0.0=0.0=0.0=0.0=0.0=0.0=0.0=0.0=0.0=0.0=0.0=0.0=0.0=0.0=0.0=0.0=0.0=0.0=0.0=0.0=0.0=0.0=0.0=0.0=0.0=0.0=0.0=0.0=0.0=0.0=0.0=0.0=0.0=0.0=0.0=0.0=0.0=0.0=0.0=0.0=0.0=0.0=0.0=0.0=0.0=0.0=0.0=0.0=0.0=0.0=0.0=0.0=0.0=0.0=0.0=0.0=0.0=0.0=0.0=0.0=0.0=0.0=0.0=0.0=0.0=0.0=0.0=0.0=0.0=0.0=0.0=0.0=0.0=0.0=0.0=0.0=0.0=0.0=0.0=0.0=0.0=0.0=0.0=0.0=0.0=0.0=0.0=0.0=0.0=0.0=0.0=0.0=0.0=0.0=0.0=0.0=0.0=0.0=0.0=0.0=0.0=0.0=0.0=0.0=0.0=0.0=0.0=0.0=0.0=0.0=0.0=0.0=0.0=0.0=0.0=0.0=0.0=0.0=0.0=0.0=0.0=0.0=0.0=0.0=0.0=0.0=0.0=0.0=0.0=0.0=0.0=0.0=0.0=0.0=0.0=0.0=0.0=0.0=0.0=0.0=0.0=0.0=0.0=0.0=0.0=0.0=0.0=0.0=0.0=0.0=0.0=0.0=0.0=0.0=0.0=0.0=0.0=0.0=0.0=0.0=0.0=0.0=0.0=0.0=0.0=0.0=0.0=0.0=0.0=0.0=0.0=0.0=0.0=0.0=0.0=0.0
SADE,NMIS,10,2,0.0=0.0=0.0=0.0=0.0=0.0=0.0=0.0=0.0=0.0=0.0=0.0=0.0=0.0=0.0=0.0=0.0=0.0=0.0=0.0=0.0=0.0=0.0=0.0=0.0=0.0=0.0=0.0=0.0=0.0=0.0=0.0=0.0=0.0=0.0=0.0=0.0=0.0=0.0=0.0=0.0=0.0=0.0=0.0=0.0=0.0=0.0=0.0=0.0=0.0=0.0=0.0=0.0=0.0=0.0=0.0=0.0=0.0=0.0=0.0=0.0=0.0=0.0=0.0=0.0=0.0=0.0=0.0=0.0=0.0=0.0=0.0=0.0=0.0=0.0=0.0=0.0=0.0=0.0=0.0=0.0=0.0=0.0=0.0=0.0=0.0=0.0=0.0=0.0=0.0=0.0=0.0=0.0=0.0=0.0=0.0=0.0=0.0=0.0=0.0=0.0=0.0=0.0=0.0=0.0=0.0=0.0=0.0=0.0=0.0=0.0=0.0=0.0=0.0=0.0=0.0=0.0=0.0=0.0=0.0=0.0=0.0=0.0=0.0=0.0=0.0=0.0=0.0=0.0=0.0=0.0=0.0=0.0=0.0=0.0=0.0=0.0=0.0=0.0=0.0=0.0=0.0=0.0=0.0=0.0=0.0=0.0=0.0=0.0=0.0=0.0=0.0=0.0=0.0=0.0=0.0=0.0=0.0=0.0=0.0=0.0=0.0=0.0=0.0=0.0=0.0=0.0=0.0=0.0=0.0=0.0=0.0=0.0=0.0=0.0=0.0=0.0=0.0=0.0=0.0=0.0=0.0=0.0=0.0=0.0=0.0=0.0=0.0=0.0=0.0=0.0=0.0=0.0=0.0=0.0=0.0=0.0=0.0=0.0=0.0=0.0=0.0=0.0=0.0=0.0=0.0=0.0=0.0=0.0=0.0=0.0=0.0=0.0=0.0=0.0=0.0=0.0=0.0=0.0=0.0=0.0=0.0=0.0=0.0=0.0=0.0=0.0=0.0=0.0=0.0=0.0=0.0=0.0=0.0=0.0=0.0=0.0=0.0=0.0=0.0=0.0=0.0=0.0=0.0=0.0=0.0=0.0=0.0=0.0=0.0=0.0=0.0=0.0=0.0=0.0=0.0=0.0=0.0=0.0=0.0=0.0=0.0=0.0=0.0=0.0=0.0=0.0=0.0=0.0=0.0=0.0=0.0=0.0=0.0=0.0=0.0=0.0=0.0=0.0=0.0=0.0=0.0=0.0=0.0=0.0=0.0=0.0=0.0=0.0=0.0=0.0=0.0=0.0=0.0=0.0=0.0=0.0=0.0=0.0=0.0
SADE,ARS,1,2,0.0=0.0=0.0=0.0=0.0=0.0=0.0=0.0=0.0=0.0=0.0=0.0=0.0=0.0=0.0=0.0=0.0=0.0=0.0=0.0=0.0=0.0=0.0=0.0=0.0=0.0=0.0=0.0=0.0=0.0=0.0=0.0=0.0=0.0=0.0=0.0=0.0=0.0=0.0=0.0=0.0=0.0=0.0=0.0=0.0=0.0=0.0=0.0=0.0=0.0=0.0=0.0=0.0=0.0=0.0=0.0=0.0=0.0=0.0=0.0=0.0=0.0=0.0=0.0=0.0=0.0=0.0=0.0=0.0=0.0=0.0=0.0=0.0=0.0=0.0=0.0=0.0=0.0=0.0=0.0=0.0=0.0=0.0=0.0=0.0=0.0=0.0=0.0=0.0=0.0=0.0=0.0=0.0=0.0=0.0=0.0=0.0=0.0=0.0=0.0=0.0=0.0=0.0=0.0=0.0=0.0=0.0=0.0=0.0=0.0=0.0=0.0=0.0=0.0=0.0=0.0=0.0=0.0=0.0=0.0=0.0=0.0=0.0=0.0=0.0=0.0=0.0=0.0=0.0=0.0=0.0=0.0=0.0=0.0=0.0=0.0=0.0=0.0=0.0=0.0=0.0=0.0=0.0=0.0=0.0=0.0=0.0=0.0=0.0=0.0=0.0=0.0=0.0=0.0=0.0=0.0=0.0=0.0=0.0=0.0=0.0=0.0=0.0=0.0=0.0=0.0=0.0=0.0=0.0=0.0=0.0=0.0=0.0=0.0=0.0=0.0=0.0=0.0=0.0=0.0=0.0=0.0=0.0=0.0=0.0=0.0=0.0=0.0=0.0=0.0=0.0=0.0=0.0=0.0=0.0=0.0=0.0=0.0=0.0=0.0=0.0=0.0=0.0=0.0=0.0=0.0=0.0=0.0=0.0=0.0=0.0=0.0=0.0=0.0=0.0=0.0=0.0=0.0=0.0=0.0=0.0=0.0=0.0=0.0=0.0=0.0=0.0=0.0=0.0=0.0=0.0=0.0=0.0=0.0=0.0=0.0=0.0=0.0=0.0=0.0=0.0=0.0=0.0=0.0=0.0=0.0=0.0=0.0=0.0=0.0=0.0=0.0=0.0=0.0=0.0=0.0=0.0=0.0=0.0=0.0=0.0=0.0=0.0=0.0=0.0=0.0=0.0=0.0=0.0=0.0=0.0=0.0=0.0=0.0=0.0=0.0=0.0=0.0=0.0=0.0=0.0=0.0=0.0=0.0=0.0=0.0=0.0=0.0=0.0=0.0=0.0=0.0=0.0=0.0=0.0=0.0=0.0=0.0=0.0=0.0
